{"_via_settings":{"ui":{"annotation_editor_height":25,"annotation_editor_fontsize":0.8,"leftsidebar_width":18,"image_grid":{"img_height":80,"rshape_fill":"none","rshape_fill_opacity":0.3,"rshape_stroke":"yellow","rshape_stroke_width":2,"show_region_shape":true,"show_image_policy":"all"},"image":{"region_label":"__via_region_id__","region_color":"__via_default_region_color__","region_label_font":"10px Sans","on_image_annotation_editor_placement":"NEAR_REGION"}},"core":{"buffer_size":18,"filepath":{},"default_filepath":""},"project":{"name":"streetview_train_3Aug2020_15h53m"}},"_via_img_metadata":{"COP_img_16_0.0.jpg92884":{"filename":"COP_img_16_0.0.jpg","size":92884,"regions":[{"shape_attributes":{"name":"polygon","all_points_x":[273,205,188,187,195,231,236,259,268,250,248],"all_points_y":[456,460,447,419,400,390,390,398,430,453,456]},"region_attributes":{"greenery":"greenery"}},{"shape_attributes":{"name":"polygon","all_points_x":[151,158,160,150,115,87,84,67,60,26,16,17,31,110,150],"all_points_y":[466,442,407,390,383,389,399,401,416,425,440,462,482,477,470]},"region_attributes":{"greenery":{"greenery":true}}},{"shape_attributes":{"name":"polygon","all_points_x":[234,230,217,206,188,162,151,135,130,136,134,135,150,180,188,207,231],"all_points_y":[372,351,352,340,340,340,336,339,350,364,376,383,390,384,386,394,389]},"region_attributes":{"greenery":{"greenery":true}}},{"shape_attributes":{"name":"polygon","all_points_x":[74,81,76,63,51,40,38,40,44,51,64],"all_points_y":[384,373,358,331,334,338,346,359,370,384,386]},"region_attributes":{"greenery":{"greenery":true}}},{"shape_attributes":{"name":"polygon","all_points_x":[186,158,161,152,182,207,193,186],"all_points_y":[444,442,408,390,386,395,401,418]},"region_attributes":{"greenery":{"greenery":true}}},{"shape_attributes":{"name":"polygon","all_points_x":[269,273,252],"all_points_y":[434,453,455]},"region_attributes":{"greenery":{"greenery":true}}},{"shape_attributes":{"name":"polygon","all_points_x":[30,0,1,8,5,8,7,19,40,49,60,49,47,62,58,23,16,17],"all_points_y":[484,494,332,338,348,354,383,371,376,383,387,400,411,410,416,424,438,462]},"region_attributes":{"greenery":{"greenery":true}}},{"shape_attributes":{"name":"polygon","all_points_x":[366,395,398,399,366,334,328,336,353],"all_points_y":[434,430,401,370,364,370,399,421,430]},"region_attributes":{"greenery":{"greenery":true}}},{"shape_attributes":{"name":"polygon","all_points_x":[333,314,304,302,312,334,327],"all_points_y":[420,416,405,380,368,370,401]},"region_attributes":{"greenery":{"greenery":true}}},{"shape_attributes":{"name":"polygon","all_points_x":[303,284,282,284,303,314,317,310,301],"all_points_y":[398,393,378,358,355,361,368,368,380]},"region_attributes":{"greenery":{"greenery":true}}},{"shape_attributes":{"name":"polygon","all_points_x":[399,413,450,457,485,494,477,398],"all_points_y":[395,392,389,389,395,409,419,429]},"region_attributes":{"greenery":{"greenery":true}}},{"shape_attributes":{"name":"polygon","all_points_x":[281,265,260,258,274,328,330,330,318,314,303,284],"all_points_y":[382,382,374,340,336,338,348,367,368,359,354,358]},"region_attributes":{"greenery":{"greenery":true}}},{"shape_attributes":{"name":"polygon","all_points_x":[502,485,472,457,435,422,418,412,399,398,388,387,396,419,428,423,414,410,414,417,405,386,400,386,392,381,373,364,372,367,381,393,400,409,410,426,436,413,442,430,438,412,417,419,455,463,484,489,501,514,516,510,520,535,543,555,554,568,575,591,612,610,639,639,628,631,637,625,634,618,632,638,639,615,588,586,556,550,535,521,519],"all_points_y":[358,356,358,344,338,342,340,334,327,310,304,296,284,283,275,269,280,280,272,263,270,272,263,252,239,228,216,214,202,192,182,181,200,201,186,167,162,155,150,142,133,133,122,101,82,62,38,58,42,34,45,57,45,54,62,56,26,18,34,28,19,1,2,98,108,116,131,133,143,158,166,171,357,355,362,368,369,381,379,378,365]},"region_attributes":{"greenery":{"greenery":true}}},{"shape_attributes":{"name":"polygon","all_points_x":[529,531,551,575,577,595,612,616,636,624,614,588,556,551],"all_points_y":[383,403,418,412,402,403,408,415,417,399,390,371,372,383]},"region_attributes":{"greenery":{"greenery":true}}}],"file_attributes":{}},"COP_img_311_180.0.jpg54765":{"filename":"COP_img_311_180.0.jpg","size":54765,"regions":[{"shape_attributes":{"name":"polygon","all_points_x":[331,324,319,320,318,319,332,351,360,347,341,352,352],"all_points_y":[362,358,341,330,307,276,272,281,304,320,338,343,353]},"region_attributes":{"greenery":{"greenery":true}}},{"shape_attributes":{"name":"polygon","all_points_x":[41,29,37,66,76,75,61,63],"all_points_y":[340,319,315,311,319,332,345,359]},"region_attributes":{"greenery":{"greenery":true}}},{"shape_attributes":{"name":"polygon","all_points_x":[254,244,234,238,254],"all_points_y":[307,306,314,331,327]},"region_attributes":{"greenery":{"greenery":true}}},{"shape_attributes":{"name":"polygon","all_points_x":[103,113,120,122,110],"all_points_y":[326,339,335,323,316]},"region_attributes":{"greenery":{"greenery":true}}},{"shape_attributes":{"name":"polygon","all_points_x":[135,167,167,136,133],"all_points_y":[320,326,331,338,327]},"region_attributes":{"greenery":{"greenery":true}}},{"shape_attributes":{"name":"polygon","all_points_x":[424,439,429,411,419,409,381,368,405,420,419,443,455,471,472,503,529,567,574,531,520,509,505,507],"all_points_y":[411,410,376,358,352,331,335,311,280,269,250,242,223,222,200,202,191,193,371,381,398,393,400,451]},"region_attributes":{"greenery":{"greenery":true}}}],"file_attributes":{}},"COP_img_334_90.0.jpg45530":{"filename":"COP_img_334_90.0.jpg","size":45530,"regions":[],"file_attributes":{}},"COP_img_364_270.0.jpg64458":{"filename":"COP_img_364_270.0.jpg","size":64458,"regions":[{"shape_attributes":{"name":"polygon","all_points_x":[638,619,613,607,587,580,579,575,576,490,492,470,387,371,371,371,376,396,403,417,428,434,436,446,463,473,489,490,502,497,479,473,473,497,510,532,553,558,592,597,583,588,612,619,605,627,639],"all_points_y":[386,391,400,406,409,404,385,380,370,356,348,322,322,337,328,315,308,305,297,295,281,290,312,309,319,303,300,289,274,270,284,273,248,185,166,155,142,163,163,184,192,204,196,208,219,226,221]},"region_attributes":{"greenery":{"greenery":true}}},{"shape_attributes":{"name":"polygon","all_points_x":[369,375,373,364,347,340,326,323,334,337,353,361,352,337,323,330,324,297,287,294,274,274,281,270,242,232,252,256,266,264,293,292,300,302,284,260,243,232,232,249,250,261,255,258],"all_points_y":[384,370,346,344,348,355,351,333,337,330,326,309,301,304,296,283,262,258,258,244,256,250,244,220,227,227,256,256,263,275,311,317,320,330,333,346,343,365,385,358,373,354,384,387]},"region_attributes":{"greenery":{"greenery":true}}},{"shape_attributes":{"name":"polygon","all_points_x":[98,78,44,47,61],"all_points_y":[186,186,198,210,206]},"region_attributes":{"greenery":{"greenery":true}}},{"shape_attributes":{"name":"polygon","all_points_x":[56,46,38,41,46,59],"all_points_y":[213,216,230,234,235,219]},"region_attributes":{"greenery":{"greenery":true}}},{"shape_attributes":{"name":"polygon","all_points_x":[39,23,17,8,26,23,14,18,4,0,1,11,8],"all_points_y":[244,244,237,231,224,219,218,204,188,190,310,299,284]},"region_attributes":{"greenery":{"greenery":true}}}],"file_attributes":{}},"COP_img_465_180.0.jpg78521":{"filename":"COP_img_465_180.0.jpg","size":78521,"regions":[{"shape_attributes":{"name":"polygon","all_points_x":[217,232,232,226,231,233,212,187,186,197,195,203],"all_points_y":[332,333,315,311,295,267,255,260,277,302,325,342]},"region_attributes":{"greenery":{"greenery":true}}},{"shape_attributes":{"name":"polygon","all_points_x":[110,121,125,126,115,99,87,85,87,101],"all_points_y":[315,310,310,290,270,268,285,294,308,311]},"region_attributes":{"greenery":{"greenery":true}}},{"shape_attributes":{"name":"polygon","all_points_x":[82,64,46,49,49,67,85],"all_points_y":[289,287,291,301,314,314,314]},"region_attributes":{"greenery":{"greenery":true}}},{"shape_attributes":{"name":"polygon","all_points_x":[34,20,0,2,17,21,41,38],"all_points_y":[274,268,249,315,315,317,314,292]},"region_attributes":{"greenery":{"greenery":true}}}],"file_attributes":{}},"COP_img_474_270.0.jpg59724":{"filename":"COP_img_474_270.0.jpg","size":59724,"regions":[{"shape_attributes":{"name":"polygon","all_points_x":[557,543,512,502,503,515,505,503,527,539,492,504,503,523,561,577,590,600,601,636,640,640,628,617,634,639,639,618,620,607,591],"all_points_y":[309,315,309,304,291,281,274,176,156,145,136,123,102,74,50,25,30,48,64,44,56,89,102,104,117,112,297,302,311,322,315]},"region_attributes":{"greenery":{"greenery":true}}},{"shape_attributes":{"name":"polygon","all_points_x":[115,81,1,2,9,16,23,27,38,59,93,113,131,116,115,102,105,113],"all_points_y":[314,303,301,281,281,288,288,274,252,248,250,244,252,253,284,286,290,294]},"region_attributes":{"greenery":{"greenery":true}}},{"shape_attributes":{"name":"polygon","all_points_x":[639,618,618,611,591,597,615,633,637,640],"all_points_y":[440,441,432,429,429,395,387,390,385,389]},"region_attributes":{"greenery":{"greenery":true}}},{"shape_attributes":{"name":"polygon","all_points_x":[597,569,569,589,639,636,632,614],"all_points_y":[395,391,366,366,376,385,389,386]},"region_attributes":{"greenery":{"greenery":true}}},{"shape_attributes":{"name":"polygon","all_points_x":[639,620,620,608,590,579,569,570,591,638],"all_points_y":[300,303,314,324,317,317,329,364,364,374]},"region_attributes":{"greenery":{"greenery":true}}},{"shape_attributes":{"name":"polygon","all_points_x":[556,548,526,502,501,557],"all_points_y":[333,324,329,326,357,363]},"region_attributes":{"greenery":{"greenery":true}}},{"shape_attributes":{"name":"polygon","all_points_x":[555,527,514,525,544,575,593,593,571,571,560,555],"all_points_y":[392,393,396,404,407,412,412,399,395,398,402,400]},"region_attributes":{"greenery":{"greenery":true}}}],"file_attributes":{}},"COP_img_567_180.0.jpg82449":{"filename":"COP_img_567_180.0.jpg","size":82449,"regions":[{"shape_attributes":{"name":"polygon","all_points_x":[606,470,275,278,302,316,337,369,374,405,423,432,443,443,462,478,495,501,532,561,607],"all_points_y":[595,542,422,415,416,402,413,417,397,400,420,400,410,432,409,412,430,421,404,378,373]},"region_attributes":{"greenery":{"greenery":true}}},{"shape_attributes":{"name":"polygon","all_points_x":[360,357,359,367,382,340,323,311,319,328,363,375,391,407,418,470,443,457,449,435,434,415,426,440,450,468,485,492,499,516,493,511,518,513,73,67,81,93,75,85,97,94,71,40,6,0,1,19,26,21,1,15,1,3,2,18,26,51,15,38,32,16,16,31,17,26,48,58,88,88,86,125,127,135,147,154,159,158,183,183,201,221,273,305,314],"all_points_y":[383,347,333,329,326,312,315,304,290,303,303,301,308,306,291,297,272,251,240,237,218,211,204,180,160,161,146,104,96,68,66,35,7,1,1,11,32,38,39,54,62,75,67,35,43,48,108,124,125,130,124,146,155,163,173,179,188,196,203,219,228,234,246,249,264,267,263,270,277,288,301,318,324,323,324,335,334,316,320,347,360,378,417,415,403]},"region_attributes":{"greenery":{"greenery":true}}},{"shape_attributes":{"name":"polygon","all_points_x":[39,61,87,85,86,53,53,35,35,3,0,29],"all_points_y":[347,347,309,302,298,298,308,318,327,326,338,344]},"region_attributes":{"greenery":{"greenery":true}}},{"shape_attributes":{"name":"polygon","all_points_x":[33,1,2],"all_points_y":[346,341,373]},"region_attributes":{"greenery":{"greenery":true}}}],"file_attributes":{}},"COP_img_601_90.0.jpg64963":{"filename":"COP_img_601_90.0.jpg","size":64963,"regions":[{"shape_attributes":{"name":"polygon","all_points_x":[102,465,493,536,574,599,607,607,589,546,544,507,518,526,511,511,526,519,478,485,470,456,455,450,463,457,462,443,438,414,419,407,391,371,367,359,349,345,329,325,313,302,284,279,277,265,260,250,235,233,225,217,217,181,162,159,174,136,131,164,185,177,165,176,195,208,189,159,128,115,104],"all_points_y":[510,439,439,442,432,429,430,320,315,317,306,302,288,280,274,263,251,238,228,213,206,214,203,196,187,181,158,158,146,153,128,111,112,126,142,141,149,133,133,146,141,165,186,168,155,153,166,150,138,162,149,152,174,175,198,226,237,258,280,278,284,300,306,326,339,344,368,371,379,406,445]},"region_attributes":{"greenery":{"greenery":true}}},{"shape_attributes":{"name":"polygon","all_points_x":[1,17,60,65,85,84,98,108,111,110,111,102,100,129,137,139,139,151,123,108,69,51,37,1],"all_points_y":[519,504,464,450,427,396,392,375,374,342,321,299,281,280,255,255,246,207,194,188,188,196,185,180]},"region_attributes":{"greenery":{"greenery":true}}}],"file_attributes":{}},"COP_img_660_90.0.jpg63922":{"filename":"COP_img_660_90.0.jpg","size":63922,"regions":[{"shape_attributes":{"name":"polygon","all_points_x":[188,179,180,192,203,197],"all_points_y":[281,291,313,328,324,291]},"region_attributes":{"greenery":{"greenery":true}}},{"shape_attributes":{"name":"polygon","all_points_x":[169,183,205,193,189,176],"all_points_y":[338,334,334,341,346,346]},"region_attributes":{"greenery":{"greenery":true}}}],"file_attributes":{}},"COP_img_757_0.0.jpg55789":{"filename":"COP_img_757_0.0.jpg","size":55789,"regions":[{"shape_attributes":{"name":"polygon","all_points_x":[1,82,80,101,148,153,168,173,178,160,134,107,101,100,56,35,19,1],"all_points_y":[478,407,397,396,359,342,338,339,337,334,340,344,351,359,374,378,370,381]},"region_attributes":{"greenery":{"greenery":true}}},{"shape_attributes":{"name":"polygon","all_points_x":[110,119,121,128,135,139,142,145,139,124,109],"all_points_y":[300,302,308,307,314,314,316,326,334,334,334]},"region_attributes":{"greenery":{"greenery":true}}},{"shape_attributes":{"name":"polygon","all_points_x":[163,164,176,198,199,191,171,170],"all_points_y":[314,329,328,327,322,319,320,312]},"region_attributes":{"greenery":{"greenery":true}}}],"file_attributes":{}},"COP_img_992_90.0.jpg63078":{"filename":"COP_img_992_90.0.jpg","size":63078,"regions":[{"shape_attributes":{"name":"polygon","all_points_x":[81,81,69,61,47,36,39,39,27,31,31,43,66],"all_points_y":[310,270,268,274,270,270,281,290,290,305,317,320,318]},"region_attributes":{"greenery":{"greenery":true}}}],"file_attributes":{}},"COP_img_1314_180.0.jpg54674":{"filename":"COP_img_1314_180.0.jpg","size":54674,"regions":[{"shape_attributes":{"name":"polygon","all_points_x":[471,463,464,467,459,468,465,489,495,484,489,480],"all_points_y":[264,275,286,290,300,311,321,320,300,293,282,276]},"region_attributes":{"greenery":{"greenery":true}}},{"shape_attributes":{"name":"polygon","all_points_x":[560,534,525,533,529,556,584,610,636,640,639,616,606],"all_points_y":[325,319,283,276,252,222,214,214,220,223,323,322,328]},"region_attributes":{"greenery":{"greenery":true}}}],"file_attributes":{}},"COP_img_1560_0.0.jpg63062":{"filename":"COP_img_1560_0.0.jpg","size":63062,"regions":[],"file_attributes":{}},"COP_img_1564_90.0.jpg60475":{"filename":"COP_img_1564_90.0.jpg","size":60475,"regions":[{"shape_attributes":{"name":"polygon","all_points_x":[181,185,202,240,239,232,215,202,184,174,88,117,114,103,78,64,61,68,67,69,130,139,89,75,81,91,126,123,135,149,151,148,152,152,170,169,176],"all_points_y":[419,402,395,371,354,340,339,339,342,353,340,337,329,320,320,322,336,342,356,380,394,397,403,409,415,417,420,427,435,434,425,417,416,404,400,419,422]},"region_attributes":{"greenery":{"greenery":true}}},{"shape_attributes":{"name":"polygon","all_points_x":[77,49,33,9,0,1,20,31,38,44,50,56,59,65,73,72,136,88,74,82],"all_points_y":[419,406,410,401,402,366,350,344,348,348,352,363,378,396,396,382,397,402,408,417]},"region_attributes":{"greenery":{"greenery":true}}},{"shape_attributes":{"name":"polygon","all_points_x":[0,17,35,54,70,103,119,131,123,123,122,139,156,139,115,115,126,109,96,83,48,32,2],"all_points_y":[300,306,300,305,306,297,286,273,255,238,215,199,196,164,164,149,123,111,111,90,78,53,56]},"region_attributes":{"greenery":{"greenery":true}}}],"file_attributes":{}},"COP_img_1626_90.0.jpg63754":{"filename":"COP_img_1626_90.0.jpg","size":63754,"regions":[{"shape_attributes":{"name":"polygon","all_points_x":[639,621,606,597,593,584,575,567,544,519,517,494,483,469,457,439,431,434,415,415,393,389,426,416,399,399,423,434,446,452,470,492,479,503,517,539,548,567,576,573,621,607,615,625,630,639],"all_points_y":[285,283,274,284,278,281,292,291,286,295,278,290,282,288,294,296,276,261,268,254,247,233,206,192,186,172,157,139,145,127,102,105,76,44,20,23,5,8,20,29,48,73,77,54,50,57]},"region_attributes":{"greenery":{"greenery":true}}},{"shape_attributes":{"name":"polygon","all_points_x":[194,242,257,301,318,357,396,402,432,456,496,499,405,402,359,359,331,305,303],"all_points_y":[361,353,352,350,335,334,335,345,344,350,356,370,368,344,342,348,348,362,368]},"region_attributes":{"greenery":{"greenery":true}}}],"file_attributes":{}},"COP_img_1990_180.0.jpg44678":{"filename":"COP_img_1990_180.0.jpg","size":44678,"regions":[{"shape_attributes":{"name":"polygon","all_points_x":[187,178,190,203,207,215,219],"all_points_y":[412,408,402,388,402,402,410]},"region_attributes":{"greenery":{"greenery":true}}}],"file_attributes":{}},"COP_img_2017_0.0.jpg51072":{"filename":"COP_img_2017_0.0.jpg","size":51072,"regions":[{"shape_attributes":{"name":"polygon","all_points_x":[637,569,430,389,390,425,451,453,488,489,521,538,535,567,639],"all_points_y":[475,467,363,336,325,326,325,333,333,330,329,338,355,357,359]},"region_attributes":{"greenery":{"greenery":true}}},{"shape_attributes":{"name":"polygon","all_points_x":[425,399,383,388,423],"all_points_y":[315,312,317,325,325]},"region_attributes":{"greenery":{"greenery":true}}},{"shape_attributes":{"name":"polygon","all_points_x":[378,369,350,329,316,311,303,283,267,282,315,345,367,383,385],"all_points_y":[299,303,298,304,304,296,296,294,314,336,333,327,321,315,303]},"region_attributes":{"greenery":{"greenery":true}}},{"shape_attributes":{"name":"polygon","all_points_x":[43,20,1,0,27,57,70,74,99,103,93,102,97,96,78,76,84],"all_points_y":[382,388,377,268,252,259,262,273,292,316,340,349,368,402,406,385,365]},"region_attributes":{"greenery":{"greenery":true}}},{"shape_attributes":{"name":"polygon","all_points_x":[160,148,137,126,137,150,157,171,179,179,183,170,165],"all_points_y":[359,354,338,311,295,276,274,288,296,309,326,346,348]},"region_attributes":{"greenery":{"greenery":true}}},{"shape_attributes":{"name":"polygon","all_points_x":[213,201,183,189,206,219,223,235,240,239,235,219],"all_points_y":[344,335,323,299,278,277,293,300,317,332,347,347]},"region_attributes":{"greenery":{"greenery":true}}},{"shape_attributes":{"name":"polygon","all_points_x":[213,206,197,187,186,190,207,208],"all_points_y":[361,354,355,359,368,376,371,365]},"region_attributes":{"greenery":{"greenery":true}}},{"shape_attributes":{"name":"polygon","all_points_x":[165,161,165,178,181,179,173],"all_points_y":[363,371,382,376,376,364,361]},"region_attributes":{"greenery":{"greenery":true}}},{"shape_attributes":{"name":"polygon","all_points_x":[130,136,151,159,136,128],"all_points_y":[377,374,379,386,386,387]},"region_attributes":{"greenery":{"greenery":true}}}],"file_attributes":{}},"COP_img_2037_180.0.jpg63764":{"filename":"COP_img_2037_180.0.jpg","size":63764,"regions":[{"shape_attributes":{"name":"polygon","all_points_x":[0,21,33,55,77,92,81,68,25,1],"all_points_y":[584,578,555,534,510,470,433,413,400,412]},"region_attributes":{"greenery":{"greenery":true}}},{"shape_attributes":{"name":"polygon","all_points_x":[112,83,68,25,9,6,1,32,99,125,154,170,184,185,208,227,236,237,245,251,259,262,252,250,232,195,176,165,149,130],"all_points_y":[417,434,411,399,408,352,275,239,228,230,247,267,298,312,310,318,318,298,291,300,311,317,329,342,360,374,374,385,397,417]},"region_attributes":{"greenery":{"greenery":true}}},{"shape_attributes":{"name":"polygon","all_points_x":[607,527,526,513,501,508,405,405,390,380,365,362,356,341,327,326,317,314,308,307,301,303,312,328,329,343,351,347,353,361,379,392,391,397,404,412,405,403,439,437,457,475,496,504,516,548,552,546,571,584,607],"all_points_y":[445,417,426,429,423,416,377,386,388,378,373,369,361,356,356,350,349,345,343,339,337,326,320,326,334,325,324,316,311,318,316,325,342,344,337,337,324,308,302,338,342,342,352,341,325,343,359,372,378,370,373]},"region_attributes":{"greenery":{"greenery":true}}}],"file_attributes":{}},"COP_img_2040_270.0.jpg88242":{"filename":"COP_img_2040_270.0.jpg","size":88242,"regions":[{"shape_attributes":{"name":"polygon","all_points_x":[605,599,515,511,496,493,493,543,565,585,607],"all_points_y":[417,426,431,420,416,396,370,342,352,341,351]},"region_attributes":{"greenery":{"greenery":true}}},{"shape_attributes":{"name":"polygon","all_points_x":[447,456,449,459,431,431,405,386,367,355,365,354,350,344,330,322,327,305,286,270,273,249,177,187,185,160,135,129,122,105,96,87,71,59,36,27,10,2,1,81,81,84,91,107,109,151,154,161,159,250,251,257,334,334,347,347,437,436,446],"all_points_y":[427,389,367,349,348,362,356,345,342,345,359,361,368,362,342,350,363,362,359,378,402,404,414,392,378,368,380,357,349,358,350,334,324,335,331,334,314,325,473,470,460,458,464,457,463,466,454,456,463,457,453,455,447,442,440,448,436,429,424]},"region_attributes":{"greenery":{"greenery":true}}}],"file_attributes":{}},"COP_img_2092_0.0.jpg73637":{"filename":"COP_img_2092_0.0.jpg","size":73637,"regions":[],"file_attributes":{}},"COP_img_2117_90.0.jpg58363":{"filename":"COP_img_2117_90.0.jpg","size":58363,"regions":[{"shape_attributes":{"name":"polygon","all_points_x":[1,2,20,35,45,63,85,87,77,51,40,30,25,10,9,10],"all_points_y":[372,328,322,326,319,323,330,345,370,378,368,368,357,356,364,368]},"region_attributes":{"greenery":{"greenery":true}}},{"shape_attributes":{"name":"polygon","all_points_x":[193,186,179,165,165,189,214,229,227,215],"all_points_y":[361,353,352,343,334,319,319,329,343,354]},"region_attributes":{"greenery":{"greenery":true}}},{"shape_attributes":{"name":"polygon","all_points_x":[240,233,244,263,268,259],"all_points_y":[362,345,336,339,352,365]},"region_attributes":{"greenery":{"greenery":true}}},{"shape_attributes":{"name":"polygon","all_points_x":[281,284,299,319,325,325,310,289],"all_points_y":[345,327,319,319,325,344,356,356]},"region_attributes":{"greenery":{"greenery":true}}},{"shape_attributes":{"name":"polygon","all_points_x":[319,320,329,328,339,337,344,343,342,357,367,368,374,371,363,347,346,337,325],"all_points_y":[316,286,282,214,220,240,246,264,273,271,275,289,297,310,322,320,338,344,338]},"region_attributes":{"greenery":{"greenery":true}}},{"shape_attributes":{"name":"polygon","all_points_x":[364,376,391,390,402,417,417,425,435,438,432,435,403,381,361,359],"all_points_y":[357,349,352,333,328,332,345,340,344,358,366,390,390,392,378,364]},"region_attributes":{"greenery":{"greenery":true}}},{"shape_attributes":{"name":"polygon","all_points_x":[478,477,494,510,513,527,555,554,530,522,516,505,499,488],"all_points_y":[287,339,338,342,347,347,341,322,312,312,305,304,288,287]},"region_attributes":{"greenery":{"greenery":true}}},{"shape_attributes":{"name":"polygon","all_points_x":[631,627,596,557,557,586,609,630],"all_points_y":[330,339,344,340,324,321,320,324]},"region_attributes":{"greenery":{"greenery":true}}},{"shape_attributes":{"name":"polygon","all_points_x":[571,540,520,525,531,513,512,525,522,520,512,510,520,515,532,530,534,550,558,579,607,607,622,632,639,640,626,603,595],"all_points_y":[305,304,304,298,296,295,288,283,274,269,261,257,255,242,240,227,216,216,204,190,202,210,208,213,214,318,321,319,309]},"region_attributes":{"greenery":{"greenery":true}}}],"file_attributes":{}},"COP_img_2285_180.0.jpg57887":{"filename":"COP_img_2285_180.0.jpg","size":57887,"regions":[{"shape_attributes":{"name":"polygon","all_points_x":[115,108,111,138,433,439,436,413,159,159,153],"all_points_y":[384,421,457,491,419,392,379,367,408,393,375]},"region_attributes":{"greenery":{"greenery":true}}},{"shape_attributes":{"name":"polygon","all_points_x":[391,473,504,505,516,572,563,574,613,614,639,639,631,631,601,575,566,557,552,551,473,439,437,413,374,373,385],"all_points_y":[351,364,356,345,344,347,339,336,336,333,332,340,344,352,355,360,368,380,380,383,403,395,379,367,371,358,355]},"region_attributes":{"greenery":{"greenery":true}}}],"file_attributes":{}},"COP_img_2395_180.0.jpg61098":{"filename":"COP_img_2395_180.0.jpg","size":61098,"regions":[{"shape_attributes":{"name":"polygon","all_points_x":[0,180,185,229,231,224,245,257,267,277,301,302,297,364,365,359,346,332,315,303,291,290,271,250,252,265,257,279,259,233,219,213,229,237,238,236,256,247,219,214,207,217,199,205,206,176,189,205,228,219,189,199,181,172,175,173,145,138,143,143,125,98,85,79,115,97,77,53,60,79,63,62,51,41,12,25,15,7,3,0],"all_points_y":[593,512,489,459,431,410,398,387,360,355,351,330,320,321,309,296,291,289,289,295,301,307,307,310,299,294,285,270,269,267,267,249,236,233,224,214,195,187,201,189,184,179,152,133,103,88,83,86,67,59,59,23,13,25,37,54,37,40,66,75,83,56,48,50,103,104,59,51,76,105,104,129,133,95,88,127,117,99,95,103]},"region_attributes":{"greenery":{"greenery":true}}},{"shape_attributes":{"name":"polygon","all_points_x":[391,394,387,391,373,377,391,408,417,423,422,433,423,421],"all_points_y":[313,302,293,280,281,265,256,256,266,279,296,306,313,316]},"region_attributes":{"greenery":{"greenery":true}}},{"shape_attributes":{"name":"polygon","all_points_x":[438,439,455,453,448,455,466,489,485,493,490,490,497,497,508,510,519,520,515,510,500,500,496,495,468,467,458,457,447],"all_points_y":[311,301,297,290,286,271,241,268,280,280,294,300,303,309,306,315,315,320,323,328,328,318,316,311,312,333,333,317,315]},"region_attributes":{"greenery":{"greenery":true}}},{"shape_attributes":{"name":"polygon","all_points_x":[639,589,589,559,554,545,543,551,550,532,530,533,537,533,539,550,557,567,556,556,564,565,580,581,588,594,618,621,632,639],"all_points_y":[454,402,393,359,356,346,343,333,322,322,318,312,310,302,290,290,281,268,264,260,256,244,244,255,252,244,231,240,228,230]},"region_attributes":{"greenery":{"greenery":true}}}],"file_attributes":{}},"COP_img_2397_90.0.jpg67675":{"filename":"COP_img_2397_90.0.jpg","size":67675,"regions":[{"shape_attributes":{"name":"polygon","all_points_x":[167,165,170,269,271],"all_points_y":[358,347,334,330,354]},"region_attributes":{"greenery":{"greenery":true}}},{"shape_attributes":{"name":"polygon","all_points_x":[176,190,201,223,232,261,263,270,270,246,267,269,241,241,217,206,202,187,174,172,164,155,154,147,139,121,98,93,87,107,94,84,82,83,70,84,64,67,83,93,86,85,98,110,110,120,131,142,162,171,176],"all_points_y":[319,317,321,321,315,316,303,304,296,295,290,236,233,205,219,219,216,191,193,183,176,188,194,185,178,187,187,203,216,225,224,230,238,254,265,275,277,286,292,293,296,305,321,329,317,321,323,321,319,310,310]},"region_attributes":{"greenery":{"greenery":true}}}],"file_attributes":{}},"COP_img_2409_180.0.jpg57569":{"filename":"COP_img_2409_180.0.jpg","size":57569,"regions":[],"file_attributes":{}},"COP_img_2516_0.0.jpg52699":{"filename":"COP_img_2516_0.0.jpg","size":52699,"regions":[{"shape_attributes":{"name":"polygon","all_points_x":[627,362,357,638,639],"all_points_y":[556,392,384,542,554]},"region_attributes":{"greenery":{"greenery":true}}},{"shape_attributes":{"name":"polygon","all_points_x":[319,300,297,302,326,418,449,463,465,492,529,579,595,618,639,638,356,354,348,331],"all_points_y":[367,354,346,341,345,382,386,398,406,404,412,434,427,438,456,541,382,386,374,370]},"region_attributes":{"greenery":{"greenery":true}}},{"shape_attributes":{"name":"polygon","all_points_x":[1,46,61,44,8,1],"all_points_y":[482,465,440,404,398,400]},"region_attributes":{"greenery":{"greenery":true}}},{"shape_attributes":{"name":"polygon","all_points_x":[93,95,78,65,55,53,47,55,81],"all_points_y":[412,375,364,375,383,394,407,425,425]},"region_attributes":{"greenery":{"greenery":true}}},{"shape_attributes":{"name":"polygon","all_points_x":[102,105,124,143,160,195,205,206,175,167,168,106],"all_points_y":[411,361,353,345,342,329,327,340,361,363,367,412]},"region_attributes":{"greenery":{"greenery":true}}},{"shape_attributes":{"name":"polygon","all_points_x":[561,502,502,499,498,470,466,445,409,410,424,445,472,486,472,469,453,459,462,473,483,476,473,486,495,521,540,516,535,540,533,539,541,572,566],"all_points_y":[391,380,372,372,378,374,369,367,357,340,329,332,335,329,326,323,321,311,300,292,292,284,265,262,285,288,299,305,315,334,337,343,356,361,383]},"region_attributes":{"greenery":{"greenery":true}}},{"shape_attributes":{"name":"polygon","all_points_x":[391,391,384,373,369,366,362,352,345,341,326,322,308,304,331,375],"all_points_y":[347,331,326,331,337,327,319,323,317,307,308,320,320,329,337,347]},"region_attributes":{"greenery":{"greenery":true}}},{"shape_attributes":{"name":"polygon","all_points_x":[254,253,246,238,246,252,258,272,283,296,297],"all_points_y":[327,323,319,316,313,304,307,308,313,322,329]},"region_attributes":{"greenery":{"greenery":true}}},{"shape_attributes":{"name":"polygon","all_points_x":[1,57,92,93,77,54,52,47,45,2],"all_points_y":[377,362,362,372,363,382,395,405,403,398]},"region_attributes":{"greenery":{"greenery":true}}},{"shape_attributes":{"name":"polygon","all_points_x":[95,41,95],"all_points_y":[343,355,359]},"region_attributes":{"greenery":{"greenery":true}}},{"shape_attributes":{"name":"polygon","all_points_x":[105,140,105],"all_points_y":[342,345,359]},"region_attributes":{"greenery":{"greenery":true}}},{"shape_attributes":{"name":"polygon","all_points_x":[143,155,156,170,182,159],"all_points_y":[341,338,333,331,333,343]},"region_attributes":{"greenery":{"greenery":true}}},{"shape_attributes":{"name":"polygon","all_points_x":[639,564,560,469,464,444,408,406,386,373,299,257,283,297,302,327,419,448,463,465,491,528,578,595,619,639],"all_points_y":[403,386,393,376,370,367,356,351,348,349,329,328,342,345,341,345,382,385,397,405,403,410,434,426,438,456]},"region_attributes":{"greenery":{"greenery":true}}}],"file_attributes":{}},"COP_img_2536_180.0.jpg59230":{"filename":"COP_img_2536_180.0.jpg","size":59230,"regions":[{"shape_attributes":{"name":"polygon","all_points_x":[208,192,185,168,161,166,188,203,204,209],"all_points_y":[323,318,312,310,298,290,273,284,292,294]},"region_attributes":{"greenery":{"greenery":true}}},{"shape_attributes":{"name":"polygon","all_points_x":[110,122,128,135,135,121,116,110],"all_points_y":[317,314,314,310,296,289,284,285]},"region_attributes":{"greenery":{"greenery":true}}}],"file_attributes":{}},"COP_img_2570_90.0.jpg70107":{"filename":"COP_img_2570_90.0.jpg","size":70107,"regions":[{"shape_attributes":{"name":"polygon","all_points_x":[1,144,225,229,242,227,211,188,189,194,179,170,159,160,139,121,102,102,42,45,24,23,15,1],"all_points_y":[413,434,397,384,360,352,351,360,340,327,327,316,321,333,333,333,340,331,330,340,342,337,333,333]},"region_attributes":{"greenery":{"greenery":true}}},{"shape_attributes":{"name":"polygon","all_points_x":[231,231,224,242,237,251,254,262,272,274,286,287,301,310,341,358,368,400,420,452,459,467,480,493,488,503,514,545,548,557,572,620,639,638,592,557,551,538,530,516,495,497,475,454,453,425,412,405,386,369,263,241],"all_points_y":[424,405,399,360,353,343,327,325,333,342,345,356,349,343,347,347,354,357,337,323,341,345,365,368,376,386,364,373,392,385,400,403,404,506,501,496,512,498,504,492,491,431,430,427,484,478,465,451,445,435,418,423]},"region_attributes":{"greenery":{"greenery":true}}},{"shape_attributes":{"name":"polygon","all_points_x":[567,568,564,578,598,607,608,616,627,640,639,619,617,603],"all_points_y":[381,364,353,353,356,362,367,368,374,377,398,396,388,383]},"region_attributes":{"greenery":{"greenery":true}}}],"file_attributes":{}},"COP_img_2655_270.0.jpg57093":{"filename":"COP_img_2655_270.0.jpg","size":57093,"regions":[{"shape_attributes":{"name":"polygon","all_points_x":[638,638,581,537,117,117,93,93,1],"all_points_y":[377,364,364,365,370,374,380,367,370]},"region_attributes":{"greenery":{"greenery":true}}},{"shape_attributes":{"name":"polygon","all_points_x":[0,9,17,27,35,44,29,34,29,1],"all_points_y":[337,342,344,336,336,339,348,360,368,368]},"region_attributes":{"greenery":{"greenery":true}}},{"shape_attributes":{"name":"polygon","all_points_x":[175,178,174,198,213,232,241,256,275,293,304,280,275,260,252,234,235,178],"all_points_y":[366,350,338,339,331,334,338,340,340,336,344,360,366,355,353,364,368,368]},"region_attributes":{"greenery":{"greenery":true}}},{"shape_attributes":{"name":"polygon","all_points_x":[550,553,568,573,569,566,575,592,533,540],"all_points_y":[339,333,333,339,347,352,358,362,365,345]},"region_attributes":{"greenery":{"greenery":true}}},{"shape_attributes":{"name":"polygon","all_points_x":[1,12,24,33,45,62,83,89,103,110,117,104,15,16,8,5,7,0],"all_points_y":[276,273,266,271,283,283,271,283,286,302,310,312,310,288,286,289,312,312]},"region_attributes":{"greenery":{"greenery":true}}},{"shape_attributes":{"name":"polygon","all_points_x":[140,133,139,154,158,174,180,184,196,194,205,198],"all_points_y":[310,297,282,279,271,266,273,273,288,296,300,310]},"region_attributes":{"greenery":{"greenery":true}}},{"shape_attributes":{"name":"polygon","all_points_x":[218,215,206,207,219,240,253,241],"all_points_y":[311,306,299,287,285,287,304,312]},"region_attributes":{"greenery":{"greenery":true}}},{"shape_attributes":{"name":"polygon","all_points_x":[266,264,270,275,290,293,299,300],"all_points_y":[312,300,294,287,292,288,305,312]},"region_attributes":{"greenery":{"greenery":true}}},{"shape_attributes":{"name":"polygon","all_points_x":[312,309,317,329,341,349,354,351],"all_points_y":[310,300,289,283,295,296,307,312]},"region_attributes":{"greenery":{"greenery":true}}},{"shape_attributes":{"name":"polygon","all_points_x":[365,361,367,383,398,398,393],"all_points_y":[312,302,287,280,289,304,310]},"region_attributes":{"greenery":{"greenery":true}}},{"shape_attributes":{"name":"polygon","all_points_x":[408,402,411,430,441,445,438,436],"all_points_y":[310,301,282,272,280,290,307,311]},"region_attributes":{"greenery":{"greenery":true}}},{"shape_attributes":{"name":"polygon","all_points_x":[515,515,529,545,554,550],"all_points_y":[311,303,291,288,299,308]},"region_attributes":{"greenery":{"greenery":true}}},{"shape_attributes":{"name":"polygon","all_points_x":[566,577,587,603,599],"all_points_y":[310,297,294,304,310]},"region_attributes":{"greenery":{"greenery":true}}},{"shape_attributes":{"name":"polygon","all_points_x":[640,624,624,638],"all_points_y":[312,312,291,280]},"region_attributes":{"greenery":{"greenery":true}}}],"file_attributes":{}},"COP_img_2693_90.0.jpg48382":{"filename":"COP_img_2693_90.0.jpg","size":48382,"regions":[{"shape_attributes":{"name":"polygon","all_points_x":[387,386,398,409,415,400,399,399,406,399,404,428,455,432,434,405,402,402,435,434],"all_points_y":[348,304,304,321,314,302,288,278,266,250,240,231,226,249,327,328,335,340,341,351]},"region_attributes":{"greenery":{"greenery":true}}}],"file_attributes":{}},"COP_img_2777_0.0.jpg68165":{"filename":"COP_img_2777_0.0.jpg","size":68165,"regions":[],"file_attributes":{}},"COP_img_2888_180.0.jpg67305":{"filename":"COP_img_2888_180.0.jpg","size":67305,"regions":[],"file_attributes":{}},"COP_img_2956_90.0.jpg44553":{"filename":"COP_img_2956_90.0.jpg","size":44553,"regions":[{"shape_attributes":{"name":"polygon","all_points_x":[624,607,589,572,566,559,570,589,592,579,573,582,588,597,590,587,605,593,602,608,603,616,639,639,627,627],"all_points_y":[339,336,327,330,321,307,291,291,286,272,258,255,247,246,238,215,212,206,193,194,178,177,188,320,318,337]},"region_attributes":{"greenery":{"greenery":true}}},{"shape_attributes":{"name":"polygon","all_points_x":[496,410,640,639],"all_points_y":[440,410,412,440]},"region_attributes":{"greenery":{"greenery":true}}},{"shape_attributes":{"name":"polygon","all_points_x":[157,155,145,117,112,109,106,103,100,96,93,85,80,69,63,77,91,137,144,148,152],"all_points_y":[321,295,278,283,290,288,302,298,279,280,298,298,303,302,318,324,329,329,326,325,323]},"region_attributes":{"greenery":{"greenery":true}}}],"file_attributes":{}},"COP_img_2994_270.0.jpg69955":{"filename":"COP_img_2994_270.0.jpg","size":69955,"regions":[{"shape_attributes":{"name":"polygon","all_points_x":[88,99,108,107,102,106,133,149,151,155,171,184,190,194,202,204,213,215,221,224,237,245,254,266,277,284,283,296,302,285,288,296,283,266,249,235,219,204,202,195,190,175,165,140,125,120,108,99],"all_points_y":[302,293,286,275,269,263,260,255,243,232,225,235,244,239,239,229,230,217,218,210,204,204,190,197,219,236,256,256,261,271,281,298,309,303,312,306,310,307,305,307,312,321,313,316,306,297,304,304]},"region_attributes":{"greenery":{"greenery":true}}},{"shape_attributes":{"name":"polygon","all_points_x":[569,552,536,500,486,482,484,486,469,473,499,477,468,458,442,461,466,448,443,401,429,449,457,447,443,400,400,402,404,414,379,373,367,369,330,309,309,340,344,374,386,387,410,420,639,638,622,594,591,579],"all_points_y":[314,316,310,310,302,278,256,242,244,234,214,215,209,210,217,192,184,187,170,181,155,149,127,127,115,141,131,107,88,74,76,85,79,59,58,63,52,30,35,14,18,28,14,0,1,313,319,319,309,308]},"region_attributes":{"greenery":{"greenery":true}}}],"file_attributes":{}},"COP_img_3084_90.0.jpg55563":{"filename":"COP_img_3084_90.0.jpg","size":55563,"regions":[],"file_attributes":{}},"COP_img_3202_270.0.jpg55864":{"filename":"COP_img_3202_270.0.jpg","size":55864,"regions":[{"shape_attributes":{"name":"polygon","all_points_x":[0,88,98,98,63,1],"all_points_y":[411,373,361,329,329,334]},"region_attributes":{"greenery":{"greenery":true}}},{"shape_attributes":{"name":"polygon","all_points_x":[0,10,20,22,32,24,15,6,1,1,15,27,52,63,79,92,93,80,81,77,70,74,87,85,85,85,85,1],"all_points_y":[316,318,323,329,328,312,302,300,306,286,268,238,242,224,218,222,231,242,275,295,297,306,303,316,326,327,328,333]},"region_attributes":{"greenery":{"greenery":true}}},{"shape_attributes":{"name":"polygon","all_points_x":[87,95,108,112,133,142,153,167,165,177,188,190,181,172,163,158,159,145,121,115,108,107,99,99],"all_points_y":[327,322,323,312,314,314,303,307,322,308,307,316,326,334,336,337,330,331,337,327,333,336,335,329]},"region_attributes":{"greenery":{"greenery":true}}},{"shape_attributes":{"name":"polygon","all_points_x":[640,638,622,608,599,618,620,632,631,558,542,519,491,475,475,456,463,449,440,414,401,391,390,381,368,360,348,331,317,297,313,308,306,295,290,288,276,272,283,285,345,355,368,370,378,420],"all_points_y":[443,319,321,325,323,307,284,266,236,250,230,228,244,247,235,229,240,240,218,170,195,211,228,233,249,268,240,217,250,252,261,271,287,298,306,317,321,341,345,336,352,343,338,357,362,374]},"region_attributes":{"greenery":{"greenery":true}}}],"file_attributes":{}},"COP_img_3323_180.0.jpg50854":{"filename":"COP_img_3323_180.0.jpg","size":50854,"regions":[{"shape_attributes":{"name":"polygon","all_points_x":[427,423,430,434,439,434],"all_points_y":[341,329,315,316,330,344]},"region_attributes":{"greenery":{"greenery":true}}},{"shape_attributes":{"name":"polygon","all_points_x":[329,329,324,325,326,320,312,312,318,319],"all_points_y":[326,313,312,301,292,288,292,310,314,323]},"region_attributes":{"greenery":{"greenery":true}}},{"shape_attributes":{"name":"polygon","all_points_x":[278,282,281,271,271,276],"all_points_y":[307,298,290,297,306,310]},"region_attributes":{"greenery":{"greenery":true}}}],"file_attributes":{}},"COP_img_3348_90.0.jpg58709":{"filename":"COP_img_3348_90.0.jpg","size":58709,"regions":[{"shape_attributes":{"name":"polygon","all_points_x":[506,523,561,563,535,507,505,535,553,546,554,527,505,496,508,506,473,458,434,450,457,440,445,439,425,433,435,428,442,442,449,444,450,482,497,495],"all_points_y":[373,364,374,360,348,353,338,338,317,294,271,257,260,257,242,232,220,226,237,253,261,268,276,291,298,310,320,328,339,351,358,373,395,385,380,368]},"region_attributes":{"greenery":{"greenery":true}}},{"shape_attributes":{"name":"polygon","all_points_x":[256,269,279,271,260,240,231,205,181,193,176,176,138,135,127,133,153,138,143,169,177,191,220,237,247],"all_points_y":[383,363,351,323,300,281,248,254,252,288,304,326,328,346,351,361,365,380,394,400,391,381,384,397,390]},"region_attributes":{"greenery":{"greenery":true}}},{"shape_attributes":{"name":"polygon","all_points_x":[1,101,158,481,527,553,554,639,637,540,544,478,475,475,248,239,213,182,184,1],"all_points_y":[545,550,529,539,544,550,556,555,511,503,532,520,507,495,472,494,495,487,466,451]},"region_attributes":{"greenery":{"greenery":true}}}],"file_attributes":{}},"COP_img_3363_90.0.jpg66215":{"filename":"COP_img_3363_90.0.jpg","size":66215,"regions":[{"shape_attributes":{"name":"polygon","all_points_x":[155,162,169,169,158,153,151],"all_points_y":[321,308,268,234,232,251,321]},"region_attributes":{"greenery":{"greenery":true}}}],"file_attributes":{}},"COP_img_3366_90.0.jpg73641":{"filename":"COP_img_3366_90.0.jpg","size":73641,"regions":[{"shape_attributes":{"name":"polygon","all_points_x":[49,57,76,85,95,108,92,113,114,101,81,77,82,83,87,75,61,45,33,50,53,41,36,51,49,32,58],"all_points_y":[395,381,360,377,382,391,408,408,416,419,413,434,434,452,455,476,480,470,454,443,435,428,414,407,395,375,376]},"region_attributes":{"greenery":{"greenery":true}}}],"file_attributes":{}},"COP_img_3488_180.0.jpg38171":{"filename":"COP_img_3488_180.0.jpg","size":38171,"regions":[{"shape_attributes":{"name":"polygon","all_points_x":[436,420,334,298,268,233,236,240,242,310,318,362],"all_points_y":[342,307,308,298,291,319,342,356,377,384,351,342]},"region_attributes":{"greenery":{"greenery":true}}},{"shape_attributes":{"name":"polygon","all_points_x":[173,173,153,138,126,126,103,96,103,111,118,144,147,156,171],"all_points_y":[322,310,294,295,298,313,318,327,342,345,336,336,343,329,327]},"region_attributes":{"greenery":{"greenery":true}}}],"file_attributes":{}},"COP_img_3494_270.0.jpg46230":{"filename":"COP_img_3494_270.0.jpg","size":46230,"regions":[{"shape_attributes":{"name":"polygon","all_points_x":[639,620,612,600,592,603,581,576,545,546,540,548,538,541,639],"all_points_y":[277,274,263,270,268,252,246,120,107,100,78,70,41,0,1]},"region_attributes":{"greenery":{"greenery":true}}}],"file_attributes":{}},"COP_img_3613_180.0.jpg33461":{"filename":"COP_img_3613_180.0.jpg","size":33461,"regions":[],"file_attributes":{}},"COP_img_3654_0.0.jpg71849":{"filename":"COP_img_3654_0.0.jpg","size":71849,"regions":[{"shape_attributes":{"name":"polygon","all_points_x":[639,555,495,478,308,314,485,498,493,399,510,521,537,557,563,576,600,611,638],"all_points_y":[602,570,544,523,429,403,361,393,395,425,472,425,398,392,415,449,445,438,442]},"region_attributes":{"greenery":{"greenery":true}}},{"shape_attributes":{"name":"polygon","all_points_x":[350,261,184,185,149,142,139,154,218,218,265,294,367,477,486,483],"all_points_y":[389,410,359,356,341,331,313,311,311,323,337,337,331,325,330,359]},"region_attributes":{"greenery":{"greenery":true}}},{"shape_attributes":{"name":"polygon","all_points_x":[523,535,519,510,405,501],"all_points_y":[393,398,425,468,426,393]},"region_attributes":{"greenery":{"greenery":true}}},{"shape_attributes":{"name":"polygon","all_points_x":[170,175,192,186,202,221,248,241,280,278,293,301,315,339,348,347,339,325,337,365,369,265,219,220,186],"all_points_y":[296,285,280,264,257,233,231,214,219,239,236,253,243,241,258,272,293,305,315,319,329,336,321,310,311]},"region_attributes":{"greenery":{"greenery":true}}},{"shape_attributes":{"name":"polygon","all_points_x":[1,37,65,65,54,46,43,1],"all_points_y":[323,322,312,307,300,301,310,312]},"region_attributes":{"greenery":{"greenery":true}}},{"shape_attributes":{"name":"polygon","all_points_x":[638,608,581,536,490,428,384,326,354,321,322,324,371,393,355,359,638],"all_points_y":[341,325,321,341,300,299,258,191,172,134,107,68,97,62,8,4,2]},"region_attributes":{"greenery":{"greenery":true}}}],"file_attributes":{}},"COP_img_3668_270.0.jpg80630":{"filename":"COP_img_3668_270.0.jpg","size":80630,"regions":[],"file_attributes":{}},"COP_img_3823_270.0.jpg86309":{"filename":"COP_img_3823_270.0.jpg","size":86309,"regions":[{"shape_attributes":{"name":"polygon","all_points_x":[639,606,559,524,494,478,475,460,447,464,466,450,441,433,412,412,346,324,299,293,244,241,220,198,186,179,177,206,230,237,223,226,231,246,253,271,301,313,291,267,291,311,292,304,284,306,314,330,348,353,373,381,363,363,368,634,631,601,606,596,588,596,591,569,596,639],"all_points_y":[487,473,467,456,434,428,405,424,422,399,375,380,388,372,370,354,346,364,358,339,342,327,324,330,326,310,291,269,276,268,258,230,219,222,214,213,200,194,186,182,175,177,167,154,142,134,104,75,82,67,63,54,45,17,1,1,18,42,81,106,124,125,135,149,165,166]},"region_attributes":{"greenery":{"greenery":true}}},{"shape_attributes":{"name":"polygon","all_points_x":[0,8,16,27,46,50,50,64,85,104,114,134,149,167,168,177,184,195,205,205,205,201,213,220,229,233,233,253,261,257,264,278,282,270,272,275,258,263,268,250,245,231,223,223,235,228,205,176,178,117,96,74,57,56,48,48,26,17,16,21,1],"all_points_y":[253,251,240,230,233,243,231,214,195,187,177,176,182,182,171,162,133,122,133,116,93,60,9,0,1,13,28,21,36,60,52,57,81,99,130,143,185,190,211,212,221,217,234,257,268,273,268,292,315,315,310,320,318,307,310,320,322,321,311,296,297]},"region_attributes":{"greenery":{"greenery":true}}}],"file_attributes":{}},"COP_img_3951_0.0.jpg70933":{"filename":"COP_img_3951_0.0.jpg","size":70933,"regions":[],"file_attributes":{}},"COP_img_4045_90.0.jpg69263":{"filename":"COP_img_4045_90.0.jpg","size":69263,"regions":[{"shape_attributes":{"name":"polygon","all_points_x":[389,410,450,461,472,455,473,442,438,446,427,423,419,406,411,396,416,410,381,372,351,350,343,319,325,310,307,290,279,266,278,280,275,268,259,249,249,270,307,335,336,360,377],"all_points_y":[327,330,328,324,290,275,256,259,239,225,200,173,150,153,135,128,105,88,99,135,141,157,172,194,216,216,229,233,225,222,234,252,264,271,283,299,318,326,327,326,315,336,327]},"region_attributes":{"greenery":{"greenery":true}}},{"shape_attributes":{"name":"polygon","all_points_x":[238,232,221,209,205,204,186,178,182,191,163,139,127,113,102,89,79,56,39,27,11,1,16,46,62,64,45,27,8,33,46,46,68,96,107,125,137,156,180,192,201,220,231,238],"all_points_y":[299,290,281,280,283,280,268,260,255,249,230,205,212,212,198,205,214,222,227,239,231,241,259,269,275,280,280,284,298,306,315,330,317,317,329,329,333,319,335,331,325,325,318,313]},"region_attributes":{"greenery":{"greenery":true}}}],"file_attributes":{}},"COP_img_4054_0.0.jpg64264":{"filename":"COP_img_4054_0.0.jpg","size":64264,"regions":[{"shape_attributes":{"name":"polygon","all_points_x":[2,86,129,134,145,221,243,240,223,257,266,288,306,470,473,483,491,501,494,252,260,214,210,1],"all_points_y":[554,526,503,495,515,500,497,482,452,467,460,458,455,356,346,334,338,335,331,376,390,401,389,428]},"region_attributes":{"greenery":{"greenery":true}}},{"shape_attributes":{"name":"polygon","all_points_x":[523,527,515,507,516,533,524,509,499,495,506,500,497,512,521,520,517,527,526,549,563,564,1,6,68,95,145,174,182,171,216,222,186,199,221,239,256,253,256,299,370,397,427,431,462,488,518],"all_points_y":[312,307,279,274,267,261,252,217,219,208,200,180,170,177,174,166,147,124,93,41,21,1,1,261,289,323,322,287,271,311,326,274,226,216,220,227,245,270,290,299,298,302,310,317,327,327,325]},"region_attributes":{"greenery":{"greenery":true}}},{"shape_attributes":{"name":"polygon","all_points_x":[216,54,58,48,43,37,29,22,35,65,94,144,173,184],"all_points_y":[362,379,367,360,346,340,328,294,277,290,325,323,341,352]},"region_attributes":{"greenery":{"greenery":true}}},{"shape_attributes":{"name":"polygon","all_points_x":[251,250,265,302,366,380,402,402,373,379,371,363,357,349,348,326,328,321,315,310,310,286,285,271,273],"all_points_y":[356,324,313,321,323,323,325,339,342,334,325,331,335,334,343,346,335,325,325,335,350,351,342,342,354]},"region_attributes":{"greenery":{"greenery":true}}}],"file_attributes":{}},"COP_img_4225_0.0.jpg82025":{"filename":"COP_img_4225_0.0.jpg","size":82025,"regions":[{"shape_attributes":{"name":"polygon","all_points_x":[566,574,584,613,630,640,638,611,602,603,592,578,547,535,532,481,416,387,362,330,318,315,248,224,193,194,186,170,155,162,1,1,9,14,21,38,43,72,72,87,90,89],"all_points_y":[459,430,400,400,390,391,348,332,332,296,292,300,305,319,359,368,378,375,367,361,366,371,368,368,354,307,301,315,320,334,342,376,377,381,377,376,389,393,357,353,357,394]},"region_attributes":{"greenery":{"greenery":true}}},{"shape_attributes":{"name":"polygon","all_points_x":[102,126,136,149,145,150,145,115,90,77,90],"all_points_y":[275,272,283,277,294,302,321,327,320,301,277]},"region_attributes":{"greenery":{"greenery":true}}},{"shape_attributes":{"name":"polygon","all_points_x":[43,34,48,48,41,56,64,39,44,29,2,1,47],"all_points_y":[334,310,280,254,236,229,187,175,151,103,104,341,336]},"region_attributes":{"greenery":{"greenery":true}}}],"file_attributes":{}},"COP_img_4228_90.0.jpg85326":{"filename":"COP_img_4228_90.0.jpg","size":85326,"regions":[{"shape_attributes":{"name":"polygon","all_points_x":[1,37,57,56,27,27,1],"all_points_y":[350,349,330,321,317,304,278]},"region_attributes":{"greenery":{"greenery":true}}},{"shape_attributes":{"name":"polygon","all_points_x":[240,247,266,279,299,301,322,313,327,343,344,355,372,392,435,455,461,388,315],"all_points_y":[486,464,460,442,458,477,476,456,446,453,469,491,489,472,481,497,516,497,494]},"region_attributes":{"greenery":{"greenery":true}}}],"file_attributes":{}},"COP_img_4235_90.0.jpg58094":{"filename":"COP_img_4235_90.0.jpg","size":58094,"regions":[{"shape_attributes":{"name":"polygon","all_points_x":[0,311,311,285,227,227,1],"all_points_y":[462,358,333,331,334,341,369]},"region_attributes":{"greenery":{"greenery":true}}},{"shape_attributes":{"name":"polygon","all_points_x":[182,156,145,153,176,186,193,222,236,228,204,190],"all_points_y":[337,339,326,308,301,308,302,303,314,329,335,333]},"region_attributes":{"greenery":{"greenery":true}}},{"shape_attributes":{"name":"polygon","all_points_x":[376,376,402,441,454,441],"all_points_y":[339,333,330,326,327,336]},"region_attributes":{"greenery":{"greenery":true}}},{"shape_attributes":{"name":"polygon","all_points_x":[431,420,427,434,446,457,464,463,451,443],"all_points_y":[318,316,302,287,279,291,292,306,317,321]},"region_attributes":{"greenery":{"greenery":true}}},{"shape_attributes":{"name":"polygon","all_points_x":[528,507,493,491,494,502,517,529,540,546,552,560,569,583,582,585,585],"all_points_y":[319,319,314,295,273,259,248,250,258,266,272,270,283,284,299,308,310]},"region_attributes":{"greenery":{"greenery":true}}},{"shape_attributes":{"name":"polygon","all_points_x":[638,620,608,614,619,628,612,612,618,634,639],"all_points_y":[138,144,161,179,189,201,215,232,248,248,242]},"region_attributes":{"greenery":{"greenery":true}}}],"file_attributes":{}},"COP_img_4362_0.0.jpg48931":{"filename":"COP_img_4362_0.0.jpg","size":48931,"regions":[{"shape_attributes":{"name":"polygon","all_points_x":[79,79,87,88,96,117,130,135,114,93],"all_points_y":[294,282,282,274,261,257,266,275,273,284]},"region_attributes":{"greenery":{"greenery":true}}},{"shape_attributes":{"name":"polygon","all_points_x":[149,150,161,178,187,194,199,207,205,193,193,186,187,163],"all_points_y":[350,342,333,327,340,328,327,332,350,350,344,343,352,352]},"region_attributes":{"greenery":{"greenery":true}}},{"shape_attributes":{"name":"polygon","all_points_x":[226,225,234,233,236,220,175,175,160,165,169,176,181,189,197,199,208,213,214,211,201,207,226,241,258,289,294,300,305,303,294,280,274,277,285,285,269,270,245],"all_points_y":[350,343,343,328,322,319,319,309,296,286,289,296,304,304,305,309,303,309,302,295,281,268,250,250,246,252,263,269,280,289,297,292,296,307,305,326,330,346,352]},"region_attributes":{"greenery":{"greenery":true}}},{"shape_attributes":{"name":"polygon","all_points_x":[367,365,373,383,388,401,412,439,439,433,433,395,393],"all_points_y":[336,298,292,285,288,278,284,290,315,322,339,341,336]},"region_attributes":{"greenery":{"greenery":true}}},{"shape_attributes":{"name":"polygon","all_points_x":[596,578,572,568,549,544,538,533,531,516,519,593,593],"all_points_y":[269,238,257,271,283,274,270,286,290,290,313,312,276]},"region_attributes":{"greenery":{"greenery":true}}},{"shape_attributes":{"name":"polygon","all_points_x":[511,505,501,502,507,507,511],"all_points_y":[288,283,283,300,306,317,316]},"region_attributes":{"greenery":{"greenery":true}}}],"file_attributes":{}},"COP_img_4368_270.0.jpg65851":{"filename":"COP_img_4368_270.0.jpg","size":65851,"regions":[],"file_attributes":{}},"COP_img_4498_90.0.jpg89359":{"filename":"COP_img_4498_90.0.jpg","size":89359,"regions":[{"shape_attributes":{"name":"polygon","all_points_x":[0,57,62,67,107,179,260,306,388,487,487,528,551,543,520,567,639,639,615,591,579,571,558,550,564,573,565,547,538,529,529,516,479,463,452,431,418,409,381,367,360,348,339,319,313,324,268,269,265,276,294,295,257,254,207,193,169,165,159,159,131,118,118,0],"all_points_y":[619,619,627,636,631,616,621,621,603,586,571,567,569,545,536,532,523,206,211,219,209,220,229,210,199,180,173,184,197,200,190,184,179,185,172,173,185,173,175,187,205,209,196,173,165,147,165,159,149,141,119,76,70,43,23,57,69,85,74,47,45,29,3,1]},"region_attributes":{"greenery":{"greenery":true}}}],"file_attributes":{}},"COP_img_4533_180.0.jpg42320":{"filename":"COP_img_4533_180.0.jpg","size":42320,"regions":[{"shape_attributes":{"name":"polygon","all_points_x":[611,636,639,637,630,609,603,603],"all_points_y":[261,257,260,310,301,307,302,287]},"region_attributes":{"greenery":{"greenery":true}}}],"file_attributes":{}},"COP_img_4698_0.0.jpg97255":{"filename":"COP_img_4698_0.0.jpg","size":97255,"regions":[{"shape_attributes":{"name":"polygon","all_points_x":[1,4,9,14,18,17,33,34,50,54,66,68,64,75,88,79,76,94,103,106,110,106,96,93,100,104,118,126,132,151,160,159,166,175,178,178,174,168,158,150,139,135,131,112,90,48,49,47,41,42,36,36,31,31,26,22,1,2,14,23,24,11,0],"all_points_y":[203,201,203,205,209,202,206,198,189,182,188,197,200,205,216,222,230,237,242,251,261,272,269,265,279,285,285,283,286,291,295,307,310,304,304,354,354,355,348,352,349,338,334,337,344,341,320,307,309,330,326,323,323,326,329,337,335,308,310,306,298,298,296]},"region_attributes":{"greenery":{"greenery":true}}},{"shape_attributes":{"name":"polygon","all_points_x":[187,186,194,207,214,226,237,237,254,250,247,254,254,249,230,223,209,212,194],"all_points_y":[351,321,315,317,314,312,322,330,331,340,346,344,352,359,360,367,364,353,354]},"region_attributes":{"greenery":{"greenery":true}}},{"shape_attributes":{"name":"polygon","all_points_x":[639,621,621,621,609,592,555,556,546,539,535,522,501,484,482,466,449,441,429,417,415,404,392,389,377,373,367,362,359,354,353,345,333,330,318,313,304,289,291,286,281,280,274,257,247,238,215,201,185,179,179,189,191,193,195,191,181,177,179,196,207,208,208,199,187,187,179,171,165,168,178,183,184,181,181,189,198,201,192,194,199,209,217,223,229,222,207,211,218,225,234,231,234,239,247,251,245,235,234,242,238,247,251,287,288,285,288,300,310,316,322,327,329,338,338,341,345,351,358,355,359,358,360,384,390,389,385,407,406,413,419,422,423,433,439,437,446,447,442,449,443,432,434,444,445,457,464,470,469,464,457,456,464,468,461,460,465,467,471,477,485,484,484,490,493,491,499,497,485,479,491,486,478,474,482,484,477,480,475,470,473,482,481,491,489,517,542,550,578,589,596,608,640],"all_points_y":[293,294,303,312,321,319,315,312,314,314,327,334,332,328,311,312,317,316,306,306,314,307,304,294,292,288,282,282,290,290,285,279,280,296,290,286,287,291,298,304,298,289,288,295,288,281,273,281,278,273,268,268,258,252,245,237,241,237,230,229,229,224,221,217,217,212,196,194,186,178,180,182,180,173,168,169,178,174,165,159,156,156,152,147,141,136,127,78,76,80,81,74,58,49,49,44,38,36,24,22,8,6,1,1,9,20,25,22,23,16,18,30,36,39,29,25,31,29,30,22,16,4,2,1,9,23,24,38,26,25,31,30,22,14,15,30,33,44,54,58,65,67,75,74,65,57,62,66,78,89,85,89,89,93,99,106,108,113,108,96,93,100,114,115,120,127,132,138,141,153,155,164,166,173,190,197,198,205,210,211,216,220,235,235,242,234,237,234,229,221,216,216,212]},"region_attributes":{"greenery":{"greenery":true}}}],"file_attributes":{}},"COP_img_4758_0.0.jpg71511":{"filename":"COP_img_4758_0.0.jpg","size":71511,"regions":[],"file_attributes":{}},"COP_img_4825_90.0.jpg89191":{"filename":"COP_img_4825_90.0.jpg","size":89191,"regions":[{"shape_attributes":{"name":"polygon","all_points_x":[1,639,639,1],"all_points_y":[617,528,487,558]},"region_attributes":{"greenery":{"greenery":true}}},{"shape_attributes":{"name":"polygon","all_points_x":[2,639,639,506,338,229,120,35,0],"all_points_y":[522,461,440,455,462,478,486,489,493]},"region_attributes":{"greenery":{"greenery":true}}},{"shape_attributes":{"name":"polygon","all_points_x":[1,17,36,53,90,108,137,184,210,220,231,253,274,325,360,442,479,530,621,639,640,504,337,229,117,30,0],"all_points_y":[371,370,370,370,366,368,368,366,360,366,360,365,360,359,354,354,361,359,355,358,438,455,461,477,485,489,492]},"region_attributes":{"greenery":{"greenery":true}}},{"shape_attributes":{"name":"polygon","all_points_x":[577,578,577,595,595,592,602,592,579,571,553,547,544,540,512,494,479,463,446,443,434,425,401,384,371,351,347,335,335,327,323,325,315,306,298,296,307,302,312,312,320,331,333,333,341,344,346,347,361,447,455,480,576],"all_points_y":[354,338,330,325,314,305,290,277,270,256,250,253,245,233,243,243,253,259,282,300,324,324,306,289,301,296,304,300,292,294,294,277,256,252,266,284,289,300,308,330,330,331,327,332,332,328,328,355,353,354,354,361,357]},"region_attributes":{"greenery":{"greenery":true}}},{"shape_attributes":{"name":"polygon","all_points_x":[1,26,47,66,113,114,111,133,155,165,183,234,251,277,286,300,306,295,272,268,281,291,306,317,318,303,295,301,311,311,293,289,281,297,303,281,269,281,284,299,293,299,276,264,259,274,288,276,277,283,258,243,243,256,271,260,1,2,7,1,3,25,30,21,13,18,0],"all_points_y":[321,333,322,316,308,322,331,333,338,330,330,323,332,320,308,303,290,285,286,285,274,259,250,235,224,231,235,226,211,205,207,210,203,189,172,173,180,170,164,154,148,133,137,142,132,133,115,111,93,63,68,73,55,41,5,1,3,10,20,32,166,186,192,195,203,212,214]},"region_attributes":{"greenery":{"greenery":true}}}],"file_attributes":{}},"COP_img_4922_180.0.jpg72198":{"filename":"COP_img_4922_180.0.jpg","size":72198,"regions":[{"shape_attributes":{"name":"polygon","all_points_x":[639,262,285,287,289,290,298,299,302,305,327,327,330,331,378,380,387,385,501,513,555,554,569,575,569,639],"all_points_y":[581,336,336,346,345,336,336,349,351,336,344,360,361,342,355,391,392,356,379,382,392,478,483,482,394,410]},"region_attributes":{"greenery":{"greenery":true}}}],"file_attributes":{}},"COP_img_5041_180.0.jpg57844":{"filename":"COP_img_5041_180.0.jpg","size":57844,"regions":[{"shape_attributes":{"name":"polygon","all_points_x":[639,474,477,639],"all_points_y":[361,341,328,332]},"region_attributes":{"greenery":{"greenery":true}}},{"shape_attributes":{"name":"polygon","all_points_x":[595,589,580,564,550,544,520,502,496],"all_points_y":[328,324,320,318,322,321,324,324,328]},"region_attributes":{"greenery":{"greenery":true}}},{"shape_attributes":{"name":"polygon","all_points_x":[638,629,627,621,620,614,605,599,602,601,593,590,583,579,572,562,569,573,569,563,559,560,557,548,548,554,551,548,551,561,581,596,596,603,609,625,631,639],"all_points_y":[276,270,265,269,278,279,277,283,289,297,297,296,299,297,296,295,290,288,285,286,288,279,274,276,267,267,260,260,254,254,243,252,254,255,254,255,248,251]},"region_attributes":{"greenery":{"greenery":true}}},{"shape_attributes":{"name":"polygon","all_points_x":[639,629,617,611,599,594,593,588,589,591,589,585,583,588,611,610,610,620,639,640,635,633,635,639],"all_points_y":[238,235,240,237,236,236,232,230,225,221,220,221,219,215,201,195,187,183,184,205,205,207,210,212]},"region_attributes":{"greenery":{"greenery":true}}},{"shape_attributes":{"name":"polygon","all_points_x":[639,635,630,623,603,597,586,580,565,553,549,545,541,531,522,521,516,513,509,518,529,519,522,527,536,543,539,543,551,551,562,562,550,549,541,539,532,543,556,555,561,553,551,540,545,552,552,546,538,538,539,533,536,533,537,527,532,640],"all_points_y":[163,163,167,166,170,174,176,181,180,193,186,193,192,192,186,184,181,173,164,162,149,141,131,131,136,136,128,117,115,108,99,94,93,90,88,81,78,70,78,74,68,64,58,58,47,45,43,41,44,37,31,27,17,13,9,8,1,2]},"region_attributes":{"greenery":{"greenery":true}}},{"shape_attributes":{"name":"polygon","all_points_x":[403,404,381,386,400],"all_points_y":[316,332,329,316,315]},"region_attributes":{"greenery":{"greenery":true}}},{"shape_attributes":{"name":"polygon","all_points_x":[403,403,403,381,378,382,396],"all_points_y":[305,295,281,293,299,303,306]},"region_attributes":{"greenery":{"greenery":true}}},{"shape_attributes":{"name":"polygon","all_points_x":[403,402,413,412,417,405,399,399,390,383,383,379,372,372,371,372,367,363,361,357,353,351,348,343,342,337,335,335,336,331,329,322,316,314,311,306,309,305,324,350,341,345,351,361,357,367,369,363,360,362,363,403],"all_points_y":[272,246,240,228,223,220,224,222,222,226,235,235,240,248,252,262,264,268,258,257,263,259,251,250,255,257,262,266,272,270,268,276,290,289,294,294,304,308,308,298,305,312,320,317,305,307,306,299,293,288,290,274]},"region_attributes":{"greenery":{"greenery":true}}},{"shape_attributes":{"name":"polygon","all_points_x":[225,229,234,240,233,233,232,234,222,221,217,214,205,199,199,207,215,214,221,222,228,225],"all_points_y":[311,308,308,302,299,296,286,283,271,266,269,278,279,285,296,299,306,309,323,327,327,320]},"region_attributes":{"greenery":{"greenery":true}}},{"shape_attributes":{"name":"polygon","all_points_x":[154,156,162,162,161,159,158,153,152,149,149,145,139,136,138,133,129,129,137,143,147],"all_points_y":[322,313,309,300,293,283,276,277,281,279,272,261,261,265,278,293,293,305,312,315,320]},"region_attributes":{"greenery":{"greenery":true}}},{"shape_attributes":{"name":"polygon","all_points_x":[92,92,81,71,59,52,41,29,22,10,1,1,88,91],"all_points_y":[335,326,319,320,311,307,312,313,319,324,327,357,346,341]},"region_attributes":{"greenery":{"greenery":true}}},{"shape_attributes":{"name":"polygon","all_points_x":[639,608,605,617,626,639],"all_points_y":[482,464,450,445,447,445]},"region_attributes":{"greenery":{"greenery":true}}}],"file_attributes":{}},"COP_img_5087_0.0.jpg56567":{"filename":"COP_img_5087_0.0.jpg","size":56567,"regions":[],"file_attributes":{}},"COP_img_5205_0.0.jpg54058":{"filename":"COP_img_5205_0.0.jpg","size":54058,"regions":[{"shape_attributes":{"name":"polygon","all_points_x":[613,601,593,583,589,596,608,622,633,633,628,635,633],"all_points_y":[327,327,324,324,307,302,301,300,305,314,318,320,326]},"region_attributes":{"greenery":{"greenery":true}}},{"shape_attributes":{"name":"polygon","all_points_x":[223,226,238,222,223,234,218,213,206,212,206,201,202,198,188,175,175,186,192,200,192,182,177,187,190,180,175,166,172,177,182,193,207,215],"all_points_y":[345,327,320,318,296,276,261,270,277,285,290,288,281,275,283,288,298,298,298,302,307,309,312,316,319,320,325,330,338,340,346,349,350,350]},"region_attributes":{"greenery":{"greenery":true}}},{"shape_attributes":{"name":"polygon","all_points_x":[62,69,76,77,69,66,62,55,50,56,57],"all_points_y":[344,336,336,331,330,323,318,324,329,337,338]},"region_attributes":{"greenery":{"greenery":true}}},{"shape_attributes":{"name":"polygon","all_points_x":[41,42,36,32,26,21,18,17,27,30],"all_points_y":[339,314,314,312,312,315,317,340,338,340]},"region_attributes":{"greenery":{"greenery":true}}}],"file_attributes":{}},"COP_img_5263_0.0.jpg61570":{"filename":"COP_img_5263_0.0.jpg","size":61570,"regions":[{"shape_attributes":{"name":"polygon","all_points_x":[324,326,332,345,346,348,344,338,340,348,343,343,350,381,381,437,442,445,446,464,476,475,511,505,499,490,489,481,474,470,468,463,463,461,462,458,452,447,441,439,436,435,440,431,428,420,416,413,408,401,398,393,385,387,391,389,380,376,367,364,362,358,354,343,342,335,334,331,330,330,327,321,314,310,308,301,298,294,290,286,284,282,281,279,277,270,273,277,272,268,262,258,255,253,262,268,276,269,262,261,273,279,289,295,296,296,303,313,313,313,311,312,314],"all_points_y":[375,360,358,358,352,349,338,337,332,329,326,323,320,320,318,318,302,302,306,299,295,280,226,221,219,221,218,214,212,213,222,224,232,242,250,247,252,258,257,260,261,268,275,272,269,273,270,265,262,265,261,253,253,241,226,211,206,196,196,202,200,192,184,188,198,200,209,224,217,208,196,203,203,209,214,220,217,221,230,231,240,248,257,264,268,272,275,278,280,282,281,291,292,296,300,305,319,319,322,327,334,342,351,353,342,332,325,328,335,342,350,360,366]},"region_attributes":{"greenery":{"greenery":true}}},{"shape_attributes":{"name":"polygon","all_points_x":[12,42,86,100,97,97,103,100,87,60,45,38,28,6,0,1,7],"all_points_y":[391,386,385,384,349,343,337,323,308,309,310,305,302,301,302,376,383]},"region_attributes":{"greenery":{"greenery":true}}},{"shape_attributes":{"name":"polygon","all_points_x":[111,116,119,117,110,104,102,101,104,98,100],"all_points_y":[352,345,332,324,311,319,322,324,338,344,352]},"region_attributes":{"greenery":{"greenery":true}}},{"shape_attributes":{"name":"polygon","all_points_x":[638,631,622,614,602,588,569,575,554,550,553,546,554,552,558,570,580,584,589,588,598,605,602,609,591,585,577,595,595,583,598,608,624,630,639],"all_points_y":[483,485,483,494,502,503,494,483,484,464,455,443,447,440,429,434,430,440,442,456,456,457,446,437,429,404,377,378,370,359,344,346,348,343,347]},"region_attributes":{"greenery":{"greenery":true}}},{"shape_attributes":{"name":"polygon","all_points_x":[124,123,126,130,131,102,102,106,106,108,114,116,120,127,129,133,140,146,153,162,164,169,173,171,176,178,186,188,193,193,183,181,181,189,190,198,198,204,214,214,205,200,194,194,156,150,164,164,154,142,124],"all_points_y":[336,327,314,301,269,261,253,253,246,243,248,246,252,246,248,246,246,247,247,251,250,255,261,264,266,269,270,275,282,286,286,293,308,310,316,315,320,320,322,328,331,334,338,343,359,357,350,338,342,344,342]},"region_attributes":{"greenery":{"greenery":true}}},{"shape_attributes":{"name":"polygon","all_points_x":[218,215,218,218,217,218,220,223,224,225,224,229,236,240,243,242,239,233,228,227,221,220],"all_points_y":[312,304,302,298,296,290,289,288,293,297,301,302,305,307,312,319,316,317,316,319,319,315]},"region_attributes":{"greenery":{"greenery":true}}}],"file_attributes":{}},"COP_img_5319_90.0.jpg58620":{"filename":"COP_img_5319_90.0.jpg","size":58620,"regions":[{"shape_attributes":{"name":"polygon","all_points_x":[358,368,366,371,370,367,366,369,368,370,379,378,375,375,381,387,392,399,394,391,394,390,388,389,392,393,382,379,384,381,375,368,356,354,349,340,336,330,327,330,341,338,330,320,311,313,310,313,318,330,333,335,343,344,358,358,362],"all_points_y":[332,336,338,338,341,342,347,352,355,360,354,345,342,338,336,330,332,323,321,313,311,306,306,291,282,276,270,268,262,259,253,253,243,235,228,241,246,252,259,264,272,280,285,287,291,307,318,328,334,332,336,342,343,320,319,341,336]},"region_attributes":{"greenery":{"greenery":true}}},{"shape_attributes":{"name":"polygon","all_points_x":[258,263,266,278,278,274,274,278,278,276,278,280,273,267,269,269,265,263,257,254,240,240,232,230,234,234,228,226,237,248],"all_points_y":[324,324,328,326,323,320,309,304,294,289,280,269,266,268,261,254,258,252,248,250,256,264,265,281,282,290,296,310,320,327]},"region_attributes":{"greenery":{"greenery":true}}},{"shape_attributes":{"name":"polygon","all_points_x":[196,201,208,219,215,220,217,206,206,209,204,202,185,182,174,174,170,170,176,174,180,185],"all_points_y":[311,309,310,306,301,287,277,272,263,255,248,244,240,248,250,254,258,272,283,298,299,306]},"region_attributes":{"greenery":{"greenery":true}}},{"shape_attributes":{"name":"polygon","all_points_x":[146,158,159,158,150,150,134,126,124,128,118,122,130,137],"all_points_y":[304,293,278,269,270,265,260,264,266,280,282,290,298,304]},"region_attributes":{"greenery":{"greenery":true}}},{"shape_attributes":{"name":"polygon","all_points_x":[111,114,123,124,126,119,118,121,115,108,100,92,87,78,74,60,53,45,36,38,32,35,33,46,55,57,67,70,86,96,104],"all_points_y":[312,314,317,303,295,288,281,281,276,272,266,262,269,270,278,277,270,270,272,282,287,302,310,312,311,315,313,317,314,308,314]},"region_attributes":{"greenery":{"greenery":true}}}],"file_attributes":{}},"COP_img_5377_0.0.jpg54877":{"filename":"COP_img_5377_0.0.jpg","size":54877,"regions":[{"shape_attributes":{"name":"polygon","all_points_x":[611,613,607,601,599,596,593,582,582,585,585,593],"all_points_y":[331,318,317,316,316,318,314,315,320,326,330,330]},"region_attributes":{"greenery":{"greenery":true}}},{"shape_attributes":{"name":"polygon","all_points_x":[572,572,569,564,553,550,541,542,542,551,557,560,568],"all_points_y":[329,320,318,311,309,310,313,323,327,331,331,333,331]},"region_attributes":{"greenery":{"greenery":true}}}],"file_attributes":{}},"COP_img_5421_270.0.jpg47974":{"filename":"COP_img_5421_270.0.jpg","size":47974,"regions":[{"shape_attributes":{"name":"polygon","all_points_x":[639,624,619,627,499,403,409,407,399,394,388,385,380,376,366,360,352,347,343,342,342,330,331,185,187,181,183,192,247,639],"all_points_y":[448,447,442,441,375,333,332,322,319,322,321,324,319,311,297,304,305,316,318,324,328,330,335,394,416,416,422,422,448,514]},"region_attributes":{"greenery":{"greenery":true}}},{"shape_attributes":{"name":"polygon","all_points_x":[185,299,311,331,329,319,310,295,285,272,262,262,257,251,246,238,233,214,209,205,205,184],"all_points_y":[380,343,343,334,331,329,326,328,334,331,337,342,333,333,328,330,332,331,329,335,347,349]},"region_attributes":{"greenery":{"greenery":true}}},{"shape_attributes":{"name":"polygon","all_points_x":[639,596,577,575,488,522,521,526,535,578,610,619,628,637,640],"all_points_y":[388,377,370,338,333,331,325,324,330,332,333,321,327,322,323]},"region_attributes":{"greenery":{"greenery":true}}}],"file_attributes":{}},"COP_img_5455_90.0.jpg50112":{"filename":"COP_img_5455_90.0.jpg","size":50112,"regions":[{"shape_attributes":{"name":"polygon","all_points_x":[639,619,609,597,595,615,639],"all_points_y":[312,312,314,309,301,282,279]},"region_attributes":{"greenery":{"greenery":true}}}],"file_attributes":{}},"COP_img_5482_0.0.jpg70449":{"filename":"COP_img_5482_0.0.jpg","size":70449,"regions":[{"shape_attributes":{"name":"polygon","all_points_x":[0,135,136,125,0],"all_points_y":[412,372,348,347,370]},"region_attributes":{"greenery":{"greenery":true}}},{"shape_attributes":{"name":"polygon","all_points_x":[148,149,201,200,187,180],"all_points_y":[364,344,334,349,354,360]},"region_attributes":{"greenery":{"greenery":true}}},{"shape_attributes":{"name":"polygon","all_points_x":[234,243,244,251,265,271,271,285,294,294,290,296,294,285,280,273,270,280,279,279,274,274,266,259,261,267,273,270,257,251,246,241,232,231,237,238,233,233,226,224,217,212,210,215,220,216,205,204,208,204,194,193,186,180,178,180,174,172,164,158,148,142,144,148,147,131,127,124,124,128,126,121,117,109,96,98,84,75,82,87,101,118,108,103,96,88,73,61,46,33,37,37,52,56,66,62,69,82,82,78,93,88,97,98,116,120,122,110,112,0,1,13,16,27,46,56,66,64,74,82,96,96,105,113,124,135,148,148,148,148,201,204,211,215,212,224,229,234],"all_points_y":[306,304,310,309,314,311,306,303,303,294,291,286,279,278,274,262,255,259,251,242,235,227,227,223,219,222,219,214,214,211,212,208,207,198,198,194,183,180,180,172,163,159,152,153,140,133,136,133,127,116,118,124,120,121,128,133,136,133,132,126,123,125,130,131,134,139,142,136,125,120,109,109,108,109,114,122,120,114,110,115,106,103,91,82,86,89,86,68,67,62,54,47,49,42,43,57,68,71,60,54,54,37,37,24,30,36,22,13,0,1,305,310,308,315,318,314,303,314,315,317,312,305,296,286,285,284,280,311,340,342,334,341,339,334,326,321,315,308]},"region_attributes":{"greenery":{"greenery":true}}},{"shape_attributes":{"name":"polygon","all_points_x":[134,140,136,124,122,119,114,106,96,82,83,69,61,56,44,26,19,9,1,0],"all_points_y":[337,296,285,286,297,311,318,320,318,322,318,315,314,314,319,316,312,318,318,347]},"region_attributes":{"greenery":{"greenery":true}}}],"file_attributes":{}},"COP_img_5568_180.0.jpg45752":{"filename":"COP_img_5568_180.0.jpg","size":45752,"regions":[],"file_attributes":{}},"COP_img_5607_180.0.jpg74313":{"filename":"COP_img_5607_180.0.jpg","size":74313,"regions":[{"shape_attributes":{"name":"polygon","all_points_x":[639,468,469,448,453,449,444,429,415,385,385,407,413,423,421,409,403,397,386,385,375,365,361,352,339,349,351,340,344,350,360,365,369,373,380,384,387,384,391,393,399,407,403,404,409,401,391,398,405,407,415,427,428,411,405,397,403,415,433,449,463,474,481,638,639,625,609,600,591,565,546,561,552,567,575,590,603,607,607,627,639],"all_points_y":[559,433,421,397,397,392,392,373,367,369,360,357,360,363,343,339,344,341,339,345,341,333,321,306,292,290,284,285,281,272,277,275,243,230,245,257,263,268,269,265,271,275,263,243,237,229,230,221,212,199,187,176,163,150,131,125,104,82,71,59,41,21,1,1,261,255,257,265,255,257,262,309,317,325,329,327,320,328,337,342,347]},"region_attributes":{"greenery":{"greenery":true}}},{"shape_attributes":{"name":"polygon","all_points_x":[330,334,337,336,332,331,328,327,321,322,322,314,308,305,302,300,300],"all_points_y":[329,318,318,312,310,304,303,297,288,304,308,304,304,308,314,324,330]},"region_attributes":{"greenery":{"greenery":true}}},{"shape_attributes":{"name":"polygon","all_points_x":[1,9,12,6,6,16,29,38,30,28,24,41,44,52,70,58,24,16,5,12,28,35,27,27,28,17,15,3,1],"all_points_y":[498,495,486,486,483,479,474,468,461,452,445,434,424,419,413,414,421,421,420,415,413,410,406,402,394,399,393,396,397]},"region_attributes":{"greenery":{"greenery":true}}}],"file_attributes":{}},"COP_img_5665_90.0.jpg47391":{"filename":"COP_img_5665_90.0.jpg","size":47391,"regions":[{"shape_attributes":{"name":"polygon","all_points_x":[406,405,409,418,424,438,441,450,454,454,444,432,424,424,416],"all_points_y":[314,307,304,294,292,288,292,304,306,315,320,322,323,315,314]},"region_attributes":{"greenery":{"greenery":true}}},{"shape_attributes":{"name":"polygon","all_points_x":[639,610,590,585,586,602,608,598,594,601,601,608,612,625,633,640],"all_points_y":[323,321,320,320,301,294,293,291,284,273,269,268,268,255,254,248]},"region_attributes":{"greenery":{"greenery":true}}},{"shape_attributes":{"name":"polygon","all_points_x":[553,553,556,552,543,536,535],"all_points_y":[322,314,313,302,292,292,320]},"region_attributes":{"greenery":{"greenery":true}}},{"shape_attributes":{"name":"polygon","all_points_x":[530,529,525,515,505,497,498,509,522],"all_points_y":[319,294,294,302,305,312,317,316,315]},"region_attributes":{"greenery":{"greenery":true}}}],"file_attributes":{}},"COP_img_5761_270.0.jpg61728":{"filename":"COP_img_5761_270.0.jpg","size":61728,"regions":[{"shape_attributes":{"name":"polygon","all_points_x":[541,539,519,519,484,481,463,449,437,417,415,407,401,386,365,357,357,319,315,309,303,296,288,273,261,252,238,231,223,201,191,178,173,149,131,121,105,88,63,48,44,31,25,11,7,3,0,1,38,99,113,111,117,151,188,219,247,261,269,270,292,288,290,306,314,309,321,357,519,537],"all_points_y":[493,355,344,331,335,320,327,322,325,337,320,323,336,325,321,313,310,312,297,310,313,309,315,315,305,293,293,302,296,296,293,293,286,288,293,293,285,278,283,279,283,280,269,250,256,247,248,376,378,370,379,391,400,407,401,400,409,414,424,377,377,385,418,413,420,437,451,461,509,502]},"region_attributes":{"greenery":{"greenery":true}}},{"shape_attributes":{"name":"polygon","all_points_x":[326,329,335,339,345,349,351,360,365,323],"all_points_y":[307,292,293,279,271,283,296,304,309,310]},"region_attributes":{"greenery":{"greenery":true}}},{"shape_attributes":{"name":"polygon","all_points_x":[393,396,396,415,419,426,434,436,443,450,449,455,454,409],"all_points_y":[304,293,285,267,269,264,267,272,263,269,277,281,293,296]},"region_attributes":{"greenery":{"greenery":true}}},{"shape_attributes":{"name":"polygon","all_points_x":[575,575,577,587,593,577,568,570,567,570,593,617,637,625,623,614,607,588,580,587,583,599,597,607,639,639,620,604,585,577],"all_points_y":[256,225,205,195,179,184,166,148,133,125,106,85,55,47,39,47,69,72,61,48,34,21,13,1,1,278,279,277,274,267]},"region_attributes":{"greenery":{"greenery":true}}}],"file_attributes":{}},"COP_img_5785_0.0.jpg52702":{"filename":"COP_img_5785_0.0.jpg","size":52702,"regions":[{"shape_attributes":{"name":"polygon","all_points_x":[437,306,339,351,407,444,505],"all_points_y":[639,499,507,511,555,587,639]},"region_attributes":{"greenery":{"greenery":true}}},{"shape_attributes":{"name":"polygon","all_points_x":[589,397,432,439,439,441,445,429,403,352,347,345,342,295,299,293,288,273,276,271,258,245,254,263,263,257,253,258,266,265,272,277,284,287,293,305,303,309,317,325,329,336,330,334,332,335,343,359,361,367,381,399,424,434,441,449,455,467,469,481,495,508,521,529,543,548,563,579,594,612,609,603,616,625,639,638],"all_points_y":[627,498,493,474,457,426,369,360,354,360,375,389,397,403,377,369,369,371,400,405,401,393,381,379,345,336,317,309,298,244,237,225,225,213,220,222,233,223,218,237,263,259,269,273,280,292,297,301,312,317,305,299,296,285,281,296,309,303,291,280,269,261,263,263,263,270,265,261,248,251,259,267,272,277,282,624]},"region_attributes":{"greenery":{"greenery":true}}},{"shape_attributes":{"name":"polygon","all_points_x":[1,31,68,67,94,99,97,142,153,166,179,209,215,215,245,256,252,256,257,249,233,226,217,213,212,204,189,203,201,185,191,191,190,194,191,183,186,178,176,172,168,159,151,141,128,127,111,85,73,68,67,69,76,80,83,81,69,66,41,27,7,22,17,7,1],"all_points_y":[364,315,317,323,323,298,325,345,351,355,359,372,373,337,331,333,316,307,243,221,221,235,253,268,285,288,282,271,268,269,261,257,253,243,237,231,223,221,213,213,200,198,189,179,185,196,197,212,225,229,247,257,264,268,277,285,277,273,264,248,233,227,221,217,213]},"region_attributes":{"greenery":{"greenery":true}}}],"file_attributes":{}},"COP_img_5829_90.0.jpg65433":{"filename":"COP_img_5829_90.0.jpg","size":65433,"regions":[],"file_attributes":{}},"COP_img_6017_270.0.jpg50935":{"filename":"COP_img_6017_270.0.jpg","size":50935,"regions":[{"shape_attributes":{"name":"polygon","all_points_x":[1,118,122,118,109,107,98,95,106,116,168,187,239,239,235,225,219,217,212,221,222,228,235,232,222,216,212,212,199,199,196,190,187,181,170,167,160,156,152,143,140,134,132,125,119,112,104,79,74,70,62,64,54,58,57,57,0],"all_points_y":[444,418,402,386,381,372,367,357,365,366,392,390,382,343,333,331,324,298,293,288,280,273,273,260,257,261,268,264,261,269,269,262,256,252,253,260,256,252,259,260,269,272,266,264,264,258,255,251,254,249,249,265,268,349,357,394,409]},"region_attributes":{"greenery":{"greenery":true}}},{"shape_attributes":{"name":"polygon","all_points_x":[249,248,255,258,258,264,274,278,280,287,293,311,322,330,337,352,367,376,385,393,402,406,411,418,425,430,433,443,451,465,472,478,482,487,490,497,498,496,286,261],"all_points_y":[380,342,344,345,337,335,335,340,343,345,342,341,341,333,331,333,333,330,334,332,336,337,344,344,333,330,325,325,331,332,332,328,322,324,328,328,337,341,386,380]},"region_attributes":{"greenery":{"greenery":true}}},{"shape_attributes":{"name":"polygon","all_points_x":[505,514,523,529,539,547,556,562,566,566,528,521,521,504],"all_points_y":[320,316,317,319,317,319,317,317,318,324,334,332,326,326]},"region_attributes":{"greenery":{"greenery":true}}}],"file_attributes":{}},"COP_img_6018_180.0.jpg43808":{"filename":"COP_img_6018_180.0.jpg","size":43808,"regions":[{"shape_attributes":{"name":"polygon","all_points_x":[601,521,523,513,504,497,465,465,439,434,429,413,413,415,479,493,493,486,483,475,470,415,414,418,420,433,439,447,452,459,462,467,458,457,443,437,442,452,457,470,477,485,492,492,497,504,509,515,519,521,539,539,544,553,561,566,567,563,576,599,605],"all_points_y":[431,410,395,394,400,406,398,378,376,385,390,386,367,356,350,350,341,344,348,348,348,352,338,333,343,344,335,336,337,334,298,294,290,282,278,271,262,258,260,263,258,265,260,257,257,255,255,265,264,259,255,259,252,255,247,249,250,375,379,392,406]},"region_attributes":{"greenery":{"greenery":true}}},{"shape_attributes":{"name":"polygon","all_points_x":[401,396,395,392,388,383,304,305,321,336,351,359,372,375,392,395,395,401],"all_points_y":[382,380,374,372,379,384,366,351,348,339,338,338,334,329,327,334,340,343]},"region_attributes":{"greenery":{"greenery":true}}},{"shape_attributes":{"name":"polygon","all_points_x":[339,345,347,353,353,358,362,361,370,374,368,359,349,344,342,332,327,324,321,311,309,317,308,304,302,309,320,327,333],"all_points_y":[326,325,319,319,326,327,318,310,310,290,279,275,269,262,259,256,266,269,280,284,291,293,295,308,317,327,324,322,325]},"region_attributes":{"greenery":{"greenery":true}}},{"shape_attributes":{"name":"polygon","all_points_x":[247,260,265,276,282,290,289,267,254,244,245],"all_points_y":[351,351,349,349,343,342,338,336,337,338,351]},"region_attributes":{"greenery":{"greenery":true}}},{"shape_attributes":{"name":"polygon","all_points_x":[215,215,209,204,200,189,176,171,161,161,182,195],"all_points_y":[344,333,331,326,324,325,325,328,327,333,338,342]},"region_attributes":{"greenery":{"greenery":true}}},{"shape_attributes":{"name":"polygon","all_points_x":[151,149,148,141,138,128,121,117,117,114,109,110,130],"all_points_y":[331,323,318,318,320,320,320,318,315,313,318,322,327]},"region_attributes":{"greenery":{"greenery":true}}},{"shape_attributes":{"name":"polygon","all_points_x":[0,9,16,10,11,7,1],"all_points_y":[318,314,307,299,293,289,289]},"region_attributes":{"greenery":{"greenery":true}}}],"file_attributes":{}},"COP_img_6162_270.0.jpg74919":{"filename":"COP_img_6162_270.0.jpg","size":74919,"regions":[],"file_attributes":{}},"COP_img_6268_270.0.jpg60547":{"filename":"COP_img_6268_270.0.jpg","size":60547,"regions":[{"shape_attributes":{"name":"polygon","all_points_x":[1,283,205,133,0],"all_points_y":[596,441,419,443,484]},"region_attributes":{"greenery":{"greenery":true}}},{"shape_attributes":{"name":"polygon","all_points_x":[1,153,137,84,20,1],"all_points_y":[447,406,402,408,417,424]},"region_attributes":{"greenery":{"greenery":true}}},{"shape_attributes":{"name":"polygon","all_points_x":[4,6,31,33,31,188,187,189,0,1],"all_points_y":[400,378,376,390,397,372,354,334,344,402]},"region_attributes":{"greenery":{"greenery":true}}},{"shape_attributes":{"name":"polygon","all_points_x":[30,30,42,49,48,40,31,49,69,68,79,83,89,89,91,109,114,119,119,125,124,118,121,126,127,116,117,125,123,131,131,137,145,136,134,135,143,147,158,163,171,179,183,189,193,194,201,208,221,231,233,239,242,251,252,258,263,258,267,271,288,299,298,309,304,305,295,299,310,312,309,315,325,324,334,337,341,345,339,349,358,368,376,389,389,389,397,395,394,378,379,352,353,354,359,356,350,347,347,241,241,244,243,233,234,239,239,215,209,209,201,200,189,189,187],"all_points_y":[340,330,330,328,317,310,303,297,294,287,292,282,274,263,260,262,256,257,251,247,238,228,225,216,212,213,200,199,188,188,182,166,164,154,147,144,144,138,132,126,126,124,134,139,145,134,133,134,130,138,145,147,155,160,167,166,173,182,182,192,190,192,199,202,208,215,215,220,227,236,244,242,242,249,255,264,264,277,279,280,280,273,273,280,286,289,290,302,318,323,335,344,324,307,307,302,302,305,346,365,319,316,306,307,316,321,364,359,354,308,310,356,357,332,333]},"region_attributes":{"greenery":{"greenery":true}}},{"shape_attributes":{"name":"polygon","all_points_x":[243,348,345,233],"all_points_y":[384,357,350,376]},"region_attributes":{"greenery":{"greenery":true}}},{"shape_attributes":{"name":"polygon","all_points_x":[352,353,412,410],"all_points_y":[348,357,340,337]},"region_attributes":{"greenery":{"greenery":true}}},{"shape_attributes":{"name":"polygon","all_points_x":[299,322,355,377,359,349,349,345,346,319,305],"all_points_y":[392,400,403,390,384,384,393,392,381,381,385]},"region_attributes":{"greenery":{"greenery":true}}},{"shape_attributes":{"name":"polygon","all_points_x":[385,399,414,449,433,428,412,415,403,390],"all_points_y":[364,369,372,352,348,351,360,354,350,358]},"region_attributes":{"greenery":{"greenery":true}}},{"shape_attributes":{"name":"polygon","all_points_x":[442,443,437,433,427,417,415,411,423,431,433,433],"all_points_y":[325,288,288,279,290,290,285,291,302,305,316,327]},"region_attributes":{"greenery":{"greenery":true}}},{"shape_attributes":{"name":"polygon","all_points_x":[632,619,609,599,599,593,600,599,615,619,625,637,640,639],"all_points_y":[321,315,307,292,284,270,270,258,253,255,249,247,250,324]},"region_attributes":{"greenery":{"greenery":true}}}],"file_attributes":{}},"COP_img_6274_270.0.jpg61821":{"filename":"COP_img_6274_270.0.jpg","size":61821,"regions":[{"shape_attributes":{"name":"polygon","all_points_x":[2,71,76,71,79,83,86,93,95,97,96,101,121,144,157,171,204,213,223,229,231,267,423,423,437,453,459,454,451,444,441,432,429,425,419,404,405,407,407,399,391,386,386,377,365,365,359,360,361,355,345,338,335,339,345,345,345,339,329,319,319,311,308,300,297,292,290,293,297,291,287,279,273,273,265,262,263,260,247,231,225,219,209,212,201,193,191,181,176,172,167,157,161,148,136,121,121,111,102,106,95,85,84,72,65,57,43,34,35,27,1],"all_points_y":[608,578,540,519,515,508,508,513,513,533,543,555,561,555,513,500,491,477,475,461,467,444,355,345,348,333,319,303,307,301,315,310,299,296,289,281,269,263,253,241,225,215,207,207,207,193,185,173,163,153,163,176,178,155,150,131,123,121,131,147,153,160,148,145,156,149,142,124,111,93,84,89,103,122,135,145,161,168,167,186,192,209,203,195,187,195,181,171,174,184,191,193,206,208,214,233,289,290,268,216,201,207,219,211,220,217,216,214,227,225,227]},"region_attributes":{"greenery":{"greenery":true}}},{"shape_attributes":{"name":"polygon","all_points_x":[638,628,591,558,549,548,547,550,550,555,555,555,560,562,559,559,558,558,566,566,572,570,575,582,592,601,597,597,592,593,585,587,593,593,593,587,596,602,605,599,601,600,604,613,618,639],"all_points_y":[379,374,365,355,351,270,260,260,258,256,253,239,220,209,204,194,186,180,176,169,163,152,140,132,135,128,111,95,104,94,92,83,79,72,61,60,44,38,26,26,16,9,4,4,0,1]},"region_attributes":{"greenery":{"greenery":true}}},{"shape_attributes":{"name":"polygon","all_points_x":[544,521,508,482,480,472,455,461,459,469,472,479,487,489,494,496,492,498,494,498,498,501,505,507,505,507,513,515,527,531,535,534,540,537,539,543,545],"all_points_y":[356,355,348,335,331,332,332,320,310,308,303,303,301,304,303,292,290,288,284,281,274,273,282,286,290,299,305,310,310,299,300,289,286,281,275,270,276]},"region_attributes":{"greenery":{"greenery":true}}}],"file_attributes":{}}},"_via_attributes":{"region":{"greenery":{"type":"checkbox","description":"greenery","options":{"greenery":"greenery"},"default_options":{"greenery":true}}},"file":{}},"_via_data_format_version":"2.0.10","_via_image_id_list":["COP_img_16_0.0.jpg92884","COP_img_311_180.0.jpg54765","COP_img_334_90.0.jpg45530","COP_img_364_270.0.jpg64458","COP_img_465_180.0.jpg78521","COP_img_474_270.0.jpg59724","COP_img_567_180.0.jpg82449","COP_img_601_90.0.jpg64963","COP_img_660_90.0.jpg63922","COP_img_757_0.0.jpg55789","COP_img_992_90.0.jpg63078","COP_img_1314_180.0.jpg54674","COP_img_1560_0.0.jpg63062","COP_img_1564_90.0.jpg60475","COP_img_1626_90.0.jpg63754","COP_img_1990_180.0.jpg44678","COP_img_2017_0.0.jpg51072","COP_img_2037_180.0.jpg63764","COP_img_2040_270.0.jpg88242","COP_img_2092_0.0.jpg73637","COP_img_2117_90.0.jpg58363","COP_img_2285_180.0.jpg57887","COP_img_2395_180.0.jpg61098","COP_img_2397_90.0.jpg67675","COP_img_2409_180.0.jpg57569","COP_img_2516_0.0.jpg52699","COP_img_2536_180.0.jpg59230","COP_img_2570_90.0.jpg70107","COP_img_2655_270.0.jpg57093","COP_img_2693_90.0.jpg48382","COP_img_2777_0.0.jpg68165","COP_img_2888_180.0.jpg67305","COP_img_2956_90.0.jpg44553","COP_img_2994_270.0.jpg69955","COP_img_3084_90.0.jpg55563","COP_img_3202_270.0.jpg55864","COP_img_3323_180.0.jpg50854","COP_img_3348_90.0.jpg58709","COP_img_3363_90.0.jpg66215","COP_img_3366_90.0.jpg73641","COP_img_3488_180.0.jpg38171","COP_img_3494_270.0.jpg46230","COP_img_3613_180.0.jpg33461","COP_img_3654_0.0.jpg71849","COP_img_3668_270.0.jpg80630","COP_img_3823_270.0.jpg86309","COP_img_3951_0.0.jpg70933","COP_img_4045_90.0.jpg69263","COP_img_4054_0.0.jpg64264","COP_img_4225_0.0.jpg82025","COP_img_4228_90.0.jpg85326","COP_img_4235_90.0.jpg58094","COP_img_4362_0.0.jpg48931","COP_img_4368_270.0.jpg65851","COP_img_4498_90.0.jpg89359","COP_img_4533_180.0.jpg42320","COP_img_4698_0.0.jpg97255","COP_img_4758_0.0.jpg71511","COP_img_4825_90.0.jpg89191","COP_img_4922_180.0.jpg72198","COP_img_5041_180.0.jpg57844","COP_img_5087_0.0.jpg56567","COP_img_5205_0.0.jpg54058","COP_img_5263_0.0.jpg61570","COP_img_5319_90.0.jpg58620","COP_img_5377_0.0.jpg54877","COP_img_5421_270.0.jpg47974","COP_img_5455_90.0.jpg50112","COP_img_5482_0.0.jpg70449","COP_img_5568_180.0.jpg45752","COP_img_5607_180.0.jpg74313","COP_img_5665_90.0.jpg47391","COP_img_5761_270.0.jpg61728","COP_img_5785_0.0.jpg52702","COP_img_5829_90.0.jpg65433","COP_img_6017_270.0.jpg50935","COP_img_6018_180.0.jpg43808","COP_img_6162_270.0.jpg74919","COP_img_6268_270.0.jpg60547","COP_img_6274_270.0.jpg61821"]}